Program,Ligand,Initial Pose,Pose,Exhaustiveness,Energy Range,Energy,RMSD,Execution
Vina,A,crystal,1,24,1,-7.7,4.823,1
Vina,A,crystal,2,24,1,-7.4,5.472,1
Vina,A,crystal,3,24,1,-7.3,5.856,1
Vina,A,crystal,4,24,1,-7.3,4.770,1
Vina,A,crystal,5,24,1,-7.3,4.425,1
Vina,A,crystal,6,24,1,-7.3,6.784,1
Vina,A,crystal,7,24,1,-7.2,4.488,1
Vina,A,crystal,8,24,1,-7.2,5.458,1
Vina,A,crystal,9,24,1,-7.2,4.790,1
Vina,A,crystal,10,24,1,-7.0,5.086,1
Vina,A,crystal,11,24,1,-7.0,4.617,1
Vina,A,crystal,12,24,1,-7.0,4.557,1
Vina,A,crystal,13,24,1,-7.0,5.360,1
Vina,A,crystal,14,24,1,-7.0,4.835,1
Vina,A,crystal,15,24,1,-7.0,4.838,1
Vina,A,crystal,16,24,1,-7.0,5.117,1
Vina,A,crystal,17,24,1,-6.9,5.504,1
Vina,A,crystal,18,24,1,-6.9,5.501,1
Vina,A,crystal,19,24,1,-6.8,4.658,1
Vina,A,crystal,20,24,1,-6.8,3.925,1
Vina,A,crystal,1,24,1,-7.1,6.107,2
Vina,A,crystal,2,24,1,-6.8,4.129,2
Vina,A,crystal,3,24,1,-6.8,4.627,2
Vina,A,crystal,4,24,1,-6.7,5.505,2
Vina,A,crystal,5,24,1,-6.7,4.561,2
Vina,A,crystal,6,24,1,-6.7,5.248,2
Vina,A,crystal,7,24,1,-6.6,4.540,2
Vina,A,crystal,8,24,1,-6.5,3.821,2
Vina,A,crystal,9,24,1,-6.5,5.500,2
Vina,A,crystal,10,24,1,-6.4,4.846,2
Vina,A,crystal,11,24,1,-6.4,6.016,2
Vina,A,crystal,12,24,1,-6.3,6.200,2
Vina,A,crystal,13,24,1,-6.3,5.744,2
Vina,A,crystal,14,24,1,-6.3,4.623,2
Vina,A,crystal,15,24,1,-6.3,5.614,2
Vina,A,crystal,16,24,1,-6.2,4.556,2
Vina,A,crystal,17,24,1,-6.2,5.086,2
Vina,A,crystal,18,24,1,-6.2,5.311,2
Vina,A,crystal,19,24,1,-6.1,5.345,2
Vina,A,crystal,20,24,1,-6.1,5.448,2
Vina,A,crystal,1,24,1,-7.9,3.807,3
Vina,A,crystal,2,24,1,-7.6,5.108,3
Vina,A,crystal,3,24,1,-7.5,4.554,3
Vina,A,crystal,4,24,1,-7.5,5.926,3
Vina,A,crystal,5,24,1,-7.2,4.436,3
Vina,A,crystal,6,24,1,-7.2,5.310,3
Vina,A,crystal,7,24,1,-7.1,4.665,3
Vina,A,crystal,8,24,1,-7.0,5.724,3
Vina,A,crystal,9,24,1,-7.0,5.713,3
Vina,A,crystal,10,24,1,-7.0,1.819,3
Vina,A,crystal,11,24,1,-7.0,4.921,3
Vina,A,crystal,12,24,1,-7.0,4.650,3
Vina,A,crystal,13,24,1,-7.0,5.130,3
Vina,A,crystal,14,24,1,-6.9,5.673,3
Vina,A,crystal,15,24,1,-6.9,5.329,3
Vina,A,crystal,1,24,3,-6.8,6.568,1
Vina,A,crystal,2,24,3,-6.7,5.228,1
Vina,A,crystal,3,24,3,-6.5,4.777,1
Vina,A,crystal,4,24,3,-6.4,7.007,1
Vina,A,crystal,5,24,3,-6.4,6.082,1
Vina,A,crystal,6,24,3,-6.3,4.736,1
Vina,A,crystal,7,24,3,-6.2,5.758,1
Vina,A,crystal,8,24,3,-6.2,1.984,1
Vina,A,crystal,9,24,3,-6.2,4.645,1
Vina,A,crystal,10,24,3,-6.1,4.689,1
Vina,A,crystal,11,24,3,-6.1,4.624,1
Vina,A,crystal,12,24,3,-6.0,4.751,1
Vina,A,crystal,13,24,3,-6.0,5.853,1
Vina,A,crystal,14,24,3,-6.0,3.695,1
Vina,A,crystal,15,24,3,-6.0,4.401,1
Vina,A,crystal,16,24,3,-5.9,4.458,1
Vina,A,crystal,17,24,3,-5.9,5.016,1
Vina,A,crystal,18,24,3,-5.9,4.588,1
Vina,A,crystal,19,24,3,-5.8,5.249,1
Vina,A,crystal,20,24,3,-5.8,5.821,1
Vina,A,crystal,1,24,3,-6.8,5.243,2
Vina,A,crystal,2,24,3,-6.6,5.812,2
Vina,A,crystal,3,24,3,-6.5,5.639,2
Vina,A,crystal,4,24,3,-6.4,4.414,2
Vina,A,crystal,5,24,3,-6.4,6.342,2
Vina,A,crystal,6,24,3,-6.3,4.293,2
Vina,A,crystal,7,24,3,-6.2,4.718,2
Vina,A,crystal,8,24,3,-6.2,5.004,2
Vina,A,crystal,9,24,3,-6.0,5.507,2
Vina,A,crystal,10,24,3,-6.0,3.584,2
Vina,A,crystal,11,24,3,-6.0,5.937,2
Vina,A,crystal,12,24,3,-6.0,4.114,2
Vina,A,crystal,13,24,3,-6.0,4.414,2
Vina,A,crystal,14,24,3,-6.0,4.848,2
Vina,A,crystal,15,24,3,-5.9,5.174,2
Vina,A,crystal,16,24,3,-5.9,4.845,2
Vina,A,crystal,17,24,3,-5.8,4.633,2
Vina,A,crystal,18,24,3,-5.8,5.841,2
Vina,A,crystal,19,24,3,-5.8,4.546,2
Vina,A,crystal,20,24,3,-5.7,4.083,2
Vina,A,crystal,1,24,3,-6.9,4.910,3
Vina,A,crystal,2,24,3,-6.9,4.645,3
Vina,A,crystal,3,24,3,-6.8,6.298,3
Vina,A,crystal,4,24,3,-6.6,5.481,3
Vina,A,crystal,5,24,3,-6.6,5.824,3
Vina,A,crystal,6,24,3,-6.5,4.187,3
Vina,A,crystal,7,24,3,-6.5,4.783,3
Vina,A,crystal,8,24,3,-6.5,6.448,3
Vina,A,crystal,9,24,3,-6.4,6.112,3
Vina,A,crystal,10,24,3,-6.4,5.448,3
Vina,A,crystal,11,24,3,-6.4,6.122,3
Vina,A,crystal,12,24,3,-6.4,3.962,3
Vina,A,crystal,13,24,3,-6.3,5.741,3
Vina,A,crystal,14,24,3,-6.3,4.826,3
Vina,A,crystal,15,24,3,-6.3,4.934,3
Vina,A,crystal,16,24,3,-6.3,4.113,3
Vina,A,crystal,17,24,3,-6.3,5.491,3
Vina,A,crystal,18,24,3,-6.3,5.209,3
Vina,A,crystal,19,24,3,-6.2,5.508,3
Vina,A,crystal,20,24,3,-6.2,4.622,3
Vina,A,crystal,1,32,1,-6.9,6.696,1
Vina,A,crystal,2,32,1,-6.6,5.279,1
Vina,A,crystal,3,32,1,-6.5,5.403,1
Vina,A,crystal,4,32,1,-6.5,5.803,1
Vina,A,crystal,5,32,1,-6.4,5.446,1
Vina,A,crystal,6,32,1,-6.4,2.116,1
Vina,A,crystal,7,32,1,-6.3,5.638,1
Vina,A,crystal,8,32,1,-6.2,4.815,1
Vina,A,crystal,9,32,1,-6.2,6.552,1
Vina,A,crystal,10,32,1,-6.1,4.484,1
Vina,A,crystal,11,32,1,-6.1,6.316,1
Vina,A,crystal,12,32,1,-6.0,4.267,1
Vina,A,crystal,13,32,1,-6.0,4.876,1
Vina,A,crystal,14,32,1,-6.0,5.010,1
Vina,A,crystal,15,32,1,-6.0,6.725,1
Vina,A,crystal,16,32,1,-6.0,6.095,1
Vina,A,crystal,17,32,1,-6.0,6.303,1
Vina,A,crystal,18,32,1,-6.0,5.601,1
Vina,A,crystal,19,32,1,-5.9,5.676,1
Vina,A,crystal,20,32,1,-5.9,5.293,1
Vina,A,crystal,1,32,1,-7.6,2.261,2
Vina,A,crystal,2,32,1,-7.6,5.225,2
Vina,A,crystal,3,32,1,-7.4,5.984,2
Vina,A,crystal,4,32,1,-7.4,5.210,2
Vina,A,crystal,5,32,1,-7.3,5.182,2
Vina,A,crystal,6,32,1,-7.3,4.690,2
Vina,A,crystal,7,32,1,-7.2,5.335,2
Vina,A,crystal,8,32,1,-7.2,5.021,2
Vina,A,crystal,9,32,1,-7.1,3.775,2
Vina,A,crystal,10,32,1,-7.1,4.768,2
Vina,A,crystal,11,32,1,-7.1,5.927,2
Vina,A,crystal,12,32,1,-7.1,5.109,2
Vina,A,crystal,13,32,1,-7.1,5.262,2
Vina,A,crystal,14,32,1,-7.0,6.209,2
Vina,A,crystal,15,32,1,-7.0,5.143,2
Vina,A,crystal,16,32,1,-7.0,4.990,2
Vina,A,crystal,17,32,1,-7.0,4.597,2
Vina,A,crystal,18,32,1,-7.0,4.683,2
Vina,A,crystal,19,32,1,-7.0,5.535,2
Vina,A,crystal,20,32,1,-6.9,5.806,2
Vina,A,crystal,1,32,1,-7.5,4.131,3
Vina,A,crystal,2,32,1,-7.4,5.691,3
Vina,A,crystal,3,32,1,-7.4,5.349,3
Vina,A,crystal,4,32,1,-7.3,4.560,3
Vina,A,crystal,5,32,1,-7.3,4.877,3
Vina,A,crystal,6,32,1,-7.3,6.086,3
Vina,A,crystal,7,32,1,-7.2,4.858,3
Vina,A,crystal,8,32,1,-7.1,4.757,3
Vina,A,crystal,9,32,1,-7.1,4.608,3
Vina,A,crystal,10,32,1,-7.0,4.663,3
Vina,A,crystal,11,32,1,-7.0,6.285,3
Vina,A,crystal,12,32,1,-7.0,4.600,3
Vina,A,crystal,13,32,1,-7.0,5.626,3
Vina,A,crystal,14,32,1,-7.0,6.151,3
Vina,A,crystal,15,32,1,-7.0,3.397,3
Vina,A,crystal,16,32,1,-6.9,4.091,3
Vina,A,crystal,17,32,1,-6.9,4.997,3
Vina,A,crystal,18,32,1,-6.9,6.414,3
Vina,A,crystal,19,32,1,-6.9,4.599,3
Vina,A,crystal,20,32,1,-6.9,4.484,3
Vina,A,crystal,1,32,3,-6.9,6.500,1
Vina,A,crystal,2,32,3,-6.7,5.879,1
Vina,A,crystal,3,32,3,-6.6,5.032,1
Vina,A,crystal,4,32,3,-6.5,4.508,1
Vina,A,crystal,5,32,3,-6.5,4.666,1
Vina,A,crystal,6,32,3,-6.5,4.347,1
Vina,A,crystal,7,32,3,-6.4,6.222,1
Vina,A,crystal,8,32,3,-6.3,5.029,1
Vina,A,crystal,9,32,3,-6.3,5.346,1
Vina,A,crystal,10,32,3,-6.2,6.781,1
Vina,A,crystal,11,32,3,-6.2,4.793,1
Vina,A,crystal,12,32,3,-6.1,5.372,1
Vina,A,crystal,13,32,3,-6.1,5.328,1
Vina,A,crystal,14,32,3,-6.1,4.982,1
Vina,A,crystal,15,32,3,-6.1,5.149,1
Vina,A,crystal,16,32,3,-6.1,4.600,1
Vina,A,crystal,17,32,3,-6.1,5.753,1
Vina,A,crystal,18,32,3,-6.0,4.730,1
Vina,A,crystal,19,32,3,-6.0,6.767,1
Vina,A,crystal,20,32,3,-6.0,4.982,1
Vina,A,crystal,1,32,3,-7.2,6.701,2
Vina,A,crystal,2,32,3,-6.8,5.427,2
Vina,A,crystal,3,32,3,-6.6,5.979,2
Vina,A,crystal,4,32,3,-6.6,5.954,2
Vina,A,crystal,5,32,3,-6.6,5.309,2
Vina,A,crystal,6,32,3,-6.6,5.060,2
Vina,A,crystal,7,32,3,-6.5,4.848,2
Vina,A,crystal,8,32,3,-6.5,4.621,2
Vina,A,crystal,9,32,3,-6.4,5.165,2
Vina,A,crystal,10,32,3,-6.4,5.745,2
Vina,A,crystal,11,32,3,-6.4,5.215,2
Vina,A,crystal,12,32,3,-6.3,6.226,2
Vina,A,crystal,13,32,3,-6.3,5.160,2
Vina,A,crystal,14,32,3,-6.3,6.031,2
Vina,A,crystal,15,32,3,-6.3,4.792,2
Vina,A,crystal,16,32,3,-6.2,6.549,2
Vina,A,crystal,17,32,3,-6.2,4.265,2
Vina,A,crystal,18,32,3,-6.2,5.469,2
Vina,A,crystal,19,32,3,-6.2,4.682,2
Vina,A,crystal,20,32,3,-6.1,6.114,2
Vina,A,crystal,1,32,3,-7.6,4.778,3
Vina,A,crystal,2,32,3,-7.2,4.907,3
Vina,A,crystal,3,32,3,-7.2,5.923,3
Vina,A,crystal,4,32,3,-7.2,5.033,3
Vina,A,crystal,5,32,3,-7.2,5.019,3
Vina,A,crystal,6,32,3,-7.1,4.736,3
Vina,A,crystal,7,32,3,-7.1,6.748,3
Vina,A,crystal,8,32,3,-7.1,4.516,3
Vina,A,crystal,9,32,3,-7.0,5.848,3
Vina,A,crystal,10,32,3,-6.9,6.245,3
Vina,A,crystal,11,32,3,-6.9,4.860,3
Vina,A,crystal,12,32,3,-6.9,4.940,3
Vina,A,crystal,13,32,3,-6.9,4.688,3
Vina,A,crystal,14,32,3,-6.9,5.753,3
Vina,A,crystal,15,32,3,-6.8,4.617,3
Vina,A,crystal,16,32,3,-6.8,4.601,3
Vina,A,crystal,17,32,3,-6.8,4.661,3
Vina,A,crystal,18,32,3,-6.8,3.977,3
Vina,A,crystal,19,32,3,-6.8,5.724,3
Vina,A,crystal,20,32,3,-6.8,5.692,3
Vina,A,crystal,1,8,1,-6.9,5.883,1
Vina,A,crystal,2,8,1,-6.8,6.460,1
Vina,A,crystal,3,8,1,-6.6,5.367,1
Vina,A,crystal,4,8,1,-6.5,4.809,1
Vina,A,crystal,5,8,1,-6.5,4.151,1
Vina,A,crystal,6,8,1,-6.4,5.638,1
Vina,A,crystal,7,8,1,-6.4,4.777,1
Vina,A,crystal,8,8,1,-6.2,5.191,1
Vina,A,crystal,9,8,1,-6.2,4.894,1
Vina,A,crystal,10,8,1,-6.2,5.093,1
Vina,A,crystal,11,8,1,-6.1,4.476,1
Vina,A,crystal,12,8,1,-6.1,4.258,1
Vina,A,crystal,13,8,1,-6.1,5.394,1
Vina,A,crystal,14,8,1,-6.1,4.896,1
Vina,A,crystal,15,8,1,-6.1,4.865,1
Vina,A,crystal,1,8,1,-7.4,4.893,2
Vina,A,crystal,2,8,1,-7.2,5.297,2
Vina,A,crystal,3,8,1,-7.1,4.837,2
Vina,A,crystal,4,8,1,-7.0,5.667,2
Vina,A,crystal,5,8,1,-7.0,5.929,2
Vina,A,crystal,6,8,1,-6.9,4.008,2
Vina,A,crystal,7,8,1,-6.9,3.875,2
Vina,A,crystal,8,8,1,-6.8,5.593,2
Vina,A,crystal,9,8,1,-6.7,4.667,2
Vina,A,crystal,10,8,1,-6.6,5.433,2
Vina,A,crystal,11,8,1,-6.6,5.558,2
Vina,A,crystal,12,8,1,-6.6,4.344,2
Vina,A,crystal,13,8,1,-6.5,6.013,2
Vina,A,crystal,14,8,1,-6.5,6.554,2
Vina,A,crystal,15,8,1,-6.5,5.480,2
Vina,A,crystal,16,8,1,-6.5,5.737,2
Vina,A,crystal,17,8,1,-6.4,5.230,2
Vina,A,crystal,18,8,1,-6.4,6.342,2
Vina,A,crystal,1,8,1,-7.3,5.250,3
Vina,A,crystal,2,8,1,-6.8,4.797,3
Vina,A,crystal,3,8,1,-6.5,5.735,3
Vina,A,crystal,4,8,1,-6.5,5.310,3
Vina,A,crystal,5,8,1,-6.4,4.783,3
Vina,A,crystal,6,8,1,-6.4,5.018,3
Vina,A,crystal,1,8,3,-6.9,4.814,1
Vina,A,crystal,2,8,3,-6.8,4.796,1
Vina,A,crystal,3,8,3,-6.7,5.097,1
Vina,A,crystal,4,8,3,-6.7,6.202,1
Vina,A,crystal,5,8,3,-6.7,6.860,1
Vina,A,crystal,6,8,3,-6.7,6.002,1
Vina,A,crystal,7,8,3,-6.5,4.763,1
Vina,A,crystal,8,8,3,-6.5,6.649,1
Vina,A,crystal,9,8,3,-6.4,4.638,1
Vina,A,crystal,10,8,3,-6.4,4.871,1
Vina,A,crystal,11,8,3,-6.4,5.432,1
Vina,A,crystal,12,8,3,-6.4,4.456,1
Vina,A,crystal,13,8,3,-6.3,4.727,1
Vina,A,crystal,14,8,3,-6.3,5.101,1
Vina,A,crystal,15,8,3,-6.3,5.404,1
Vina,A,crystal,16,8,3,-6.2,5.089,1
Vina,A,crystal,17,8,3,-6.1,5.755,1
Vina,A,crystal,18,8,3,-6.0,6.215,1
Vina,A,crystal,19,8,3,-6.0,6.003,1
Vina,A,crystal,20,8,3,-6.0,6.244,1
Vina,A,crystal,1,8,3,-7.0,5.430,2
Vina,A,crystal,2,8,3,-6.7,5.748,2
Vina,A,crystal,3,8,3,-6.7,6.764,2
Vina,A,crystal,4,8,3,-6.7,4.910,2
Vina,A,crystal,5,8,3,-6.2,4.896,2
Vina,A,crystal,6,8,3,-6.2,5.593,2
Vina,A,crystal,7,8,3,-6.2,5.895,2
Vina,A,crystal,8,8,3,-6.2,4.587,2
Vina,A,crystal,9,8,3,-6.1,5.310,2
Vina,A,crystal,10,8,3,-6.1,5.233,2
Vina,A,crystal,11,8,3,-6.1,5.819,2
Vina,A,crystal,12,8,3,-6.0,5.268,2
Vina,A,crystal,13,8,3,-6.0,5.191,2
Vina,A,crystal,14,8,3,-6.0,4.841,2
Vina,A,crystal,15,8,3,-6.0,5.131,2
Vina,A,crystal,16,8,3,-6.0,5.630,2
Vina,A,crystal,17,8,3,-5.9,6.441,2
Vina,A,crystal,18,8,3,-5.9,5.465,2
Vina,A,crystal,19,8,3,-5.9,4.713,2
Vina,A,crystal,20,8,3,-5.8,6.303,2
Vina,A,crystal,1,8,3,-6.6,5.037,3
Vina,A,crystal,2,8,3,-6.6,6.671,3
Vina,A,crystal,3,8,3,-6.5,5.758,3
Vina,A,crystal,4,8,3,-6.5,5.767,3
Vina,A,crystal,5,8,3,-6.4,5.079,3
Vina,A,crystal,6,8,3,-6.4,4.357,3
Vina,A,crystal,7,8,3,-6.3,5.016,3
Vina,A,crystal,8,8,3,-6.3,5.095,3
Vina,A,crystal,9,8,3,-6.2,5.304,3
Vina,A,crystal,10,8,3,-6.1,5.550,3
Vina,A,crystal,11,8,3,-6.1,6.111,3
Vina,A,crystal,12,8,3,-6.0,4.302,3
Vina,A,crystal,13,8,3,-5.9,6.093,3
Vina,A,crystal,14,8,3,-5.9,4.486,3
Vina,A,crystal,15,8,3,-5.9,4.861,3
Vina,A,crystal,16,8,3,-5.8,6.025,3
Vina,A,crystal,17,8,3,-5.8,5.379,3
Vina,A,crystal,18,8,3,-5.8,4.393,3
Vina,A,crystal,19,8,3,-5.8,4.794,3
Vina,A,crystal,20,8,3,-5.7,3.402,3
Vina,A,random,1,24,1,-7.4,5.158,1
Vina,A,random,2,24,1,-7.2,4.803,1
Vina,A,random,3,24,1,-7.0,4.718,1
Vina,A,random,4,24,1,-6.9,3.897,1
Vina,A,random,5,24,1,-6.9,4.791,1
Vina,A,random,6,24,1,-6.9,5.862,1
Vina,A,random,7,24,1,-6.9,4.308,1
Vina,A,random,8,24,1,-6.8,5.679,1
Vina,A,random,9,24,1,-6.8,5.869,1
Vina,A,random,10,24,1,-6.7,4.544,1
Vina,A,random,11,24,1,-6.7,5.288,1
Vina,A,random,12,24,1,-6.7,4.369,1
Vina,A,random,13,24,1,-6.7,4.850,1
Vina,A,random,14,24,1,-6.7,4.297,1
Vina,A,random,15,24,1,-6.7,5.011,1
Vina,A,random,16,24,1,-6.7,5.313,1
Vina,A,random,17,24,1,-6.6,5.310,1
Vina,A,random,18,24,1,-6.6,5.938,1
Vina,A,random,19,24,1,-6.5,4.599,1
Vina,A,random,20,24,1,-6.5,5.749,1
Vina,A,random,1,24,1,-6.8,5.871,2
Vina,A,random,2,24,1,-6.6,5.319,2
Vina,A,random,3,24,1,-6.6,5.238,2
Vina,A,random,4,24,1,-6.5,4.516,2
Vina,A,random,5,24,1,-6.4,5.250,2
Vina,A,random,6,24,1,-6.3,4.599,2
Vina,A,random,7,24,1,-6.3,4.488,2
Vina,A,random,8,24,1,-6.3,4.724,2
Vina,A,random,9,24,1,-6.3,5.769,2
Vina,A,random,10,24,1,-6.3,4.462,2
Vina,A,random,11,24,1,-6.3,4.934,2
Vina,A,random,12,24,1,-6.2,5.200,2
Vina,A,random,13,24,1,-6.2,5.047,2
Vina,A,random,14,24,1,-6.2,5.019,2
Vina,A,random,15,24,1,-6.2,5.767,2
Vina,A,random,16,24,1,-6.2,4.455,2
Vina,A,random,17,24,1,-6.2,5.061,2
Vina,A,random,18,24,1,-6.2,5.481,2
Vina,A,random,19,24,1,-6.1,4.492,2
Vina,A,random,20,24,1,-6.0,5.213,2
Vina,A,random,1,24,1,-7.2,6.878,3
Vina,A,random,2,24,1,-7.2,5.363,3
Vina,A,random,3,24,1,-7.0,6.072,3
Vina,A,random,4,24,1,-6.8,4.169,3
Vina,A,random,5,24,1,-6.8,3.735,3
Vina,A,random,6,24,1,-6.8,6.077,3
Vina,A,random,7,24,1,-6.7,4.614,3
Vina,A,random,8,24,1,-6.7,4.991,3
Vina,A,random,9,24,1,-6.5,4.894,3
Vina,A,random,10,24,1,-6.5,4.883,3
Vina,A,random,11,24,1,-6.5,6.483,3
Vina,A,random,12,24,1,-6.5,5.738,3
Vina,A,random,13,24,1,-6.4,3.266,3
Vina,A,random,14,24,1,-6.4,4.914,3
Vina,A,random,15,24,1,-6.4,5.162,3
Vina,A,random,16,24,1,-6.4,4.702,3
Vina,A,random,17,24,1,-6.4,5.730,3
Vina,A,random,18,24,1,-6.3,6.503,3
Vina,A,random,19,24,1,-6.3,6.410,3
Vina,A,random,20,24,1,-6.2,4.963,3
Vina,A,random,1,24,3,-7.3,6.131,1
Vina,A,random,2,24,3,-7.2,6.711,1
Vina,A,random,3,24,3,-7.2,5.673,1
Vina,A,random,4,24,3,-7.1,5.394,1
Vina,A,random,5,24,3,-7.0,4.854,1
Vina,A,random,6,24,3,-6.9,5.347,1
Vina,A,random,7,24,3,-6.8,4.611,1
Vina,A,random,8,24,3,-6.7,4.313,1
Vina,A,random,9,24,3,-6.6,5.756,1
Vina,A,random,10,24,3,-6.5,5.580,1
Vina,A,random,11,24,3,-6.4,4.788,1
Vina,A,random,12,24,3,-6.4,5.119,1
Vina,A,random,13,24,3,-6.4,4.368,1
Vina,A,random,14,24,3,-6.4,4.968,1
Vina,A,random,15,24,3,-6.3,5.683,1
Vina,A,random,16,24,3,-6.3,5.967,1
Vina,A,random,17,24,3,-6.3,6.428,1
Vina,A,random,18,24,3,-6.3,5.702,1
Vina,A,random,19,24,3,-6.3,5.025,1
Vina,A,random,20,24,3,-6.3,5.015,1
Vina,A,random,1,24,3,-7.6,5.892,2
Vina,A,random,2,24,3,-7.6,4.855,2
Vina,A,random,3,24,3,-7.5,5.312,2
Vina,A,random,4,24,3,-7.4,4.469,2
Vina,A,random,5,24,3,-7.4,3.887,2
Vina,A,random,6,24,3,-7.3,5.879,2
Vina,A,random,7,24,3,-7.3,5.739,2
Vina,A,random,8,24,3,-7.2,5.754,2
Vina,A,random,9,24,3,-7.2,4.512,2
Vina,A,random,10,24,3,-7.2,4.957,2
Vina,A,random,11,24,3,-7.2,5.786,2
Vina,A,random,12,24,3,-7.2,5.200,2
Vina,A,random,13,24,3,-7.1,4.256,2
Vina,A,random,14,24,3,-7.1,5.114,2
Vina,A,random,15,24,3,-7.1,5.764,2
Vina,A,random,16,24,3,-7.0,4.765,2
Vina,A,random,17,24,3,-7.0,4.900,2
Vina,A,random,18,24,3,-7.0,4.900,2
Vina,A,random,19,24,3,-7.0,3.010,2
Vina,A,random,20,24,3,-6.9,5.019,2
Vina,A,random,1,24,3,-7.3,6.960,3
Vina,A,random,2,24,3,-6.9,5.291,3
Vina,A,random,3,24,3,-6.9,6.185,3
Vina,A,random,4,24,3,-6.8,5.033,3
Vina,A,random,5,24,3,-6.8,4.909,3
Vina,A,random,6,24,3,-6.7,5.780,3
Vina,A,random,7,24,3,-6.5,5.994,3
Vina,A,random,8,24,3,-6.5,6.389,3
Vina,A,random,9,24,3,-6.4,4.971,3
Vina,A,random,10,24,3,-6.3,5.268,3
Vina,A,random,11,24,3,-6.3,4.813,3
Vina,A,random,12,24,3,-6.3,3.573,3
Vina,A,random,13,24,3,-6.3,4.672,3
Vina,A,random,14,24,3,-6.2,4.372,3
Vina,A,random,15,24,3,-6.2,4.552,3
Vina,A,random,16,24,3,-6.2,5.154,3
Vina,A,random,17,24,3,-6.2,5.555,3
Vina,A,random,18,24,3,-6.2,5.714,3
Vina,A,random,19,24,3,-6.2,4.837,3
Vina,A,random,20,24,3,-6.0,5.032,3
Vina,A,random,1,32,1,-7.2,5.747,1
Vina,A,random,2,32,1,-6.9,4.943,1
Vina,A,random,3,32,1,-6.8,5.628,1
Vina,A,random,4,32,1,-6.8,5.099,1
Vina,A,random,5,32,1,-6.8,4.562,1
Vina,A,random,6,32,1,-6.7,5.575,1
Vina,A,random,7,32,1,-6.7,5.750,1
Vina,A,random,8,32,1,-6.7,5.317,1
Vina,A,random,9,32,1,-6.7,5.837,1
Vina,A,random,10,32,1,-6.6,1.687,1
Vina,A,random,11,32,1,-6.5,5.337,1
Vina,A,random,12,32,1,-6.5,4.262,1
Vina,A,random,13,32,1,-6.5,5.249,1
Vina,A,random,14,32,1,-6.5,5.238,1
Vina,A,random,15,32,1,-6.5,5.083,1
Vina,A,random,16,32,1,-6.4,5.529,1
Vina,A,random,17,32,1,-6.4,4.930,1
Vina,A,random,18,32,1,-6.4,5.905,1
Vina,A,random,19,32,1,-6.4,5.002,1
Vina,A,random,20,32,1,-6.4,4.867,1
Vina,A,random,1,32,1,-7.2,6.714,2
Vina,A,random,2,32,1,-6.8,5.481,2
Vina,A,random,3,32,1,-6.6,5.326,2
Vina,A,random,4,32,1,-6.5,5.179,2
Vina,A,random,5,32,1,-6.4,4.729,2
Vina,A,random,6,32,1,-6.4,5.441,2
Vina,A,random,7,32,1,-6.4,5.579,2
Vina,A,random,8,32,1,-6.4,4.956,2
Vina,A,random,9,32,1,-6.3,5.127,2
Vina,A,random,10,32,1,-6.3,5.238,2
Vina,A,random,11,32,1,-6.2,6.254,2
Vina,A,random,12,32,1,-6.2,6.013,2
Vina,A,random,13,32,1,-6.2,4.822,2
Vina,A,random,1,32,1,-7.2,5.146,3
Vina,A,random,2,32,1,-7.2,6.217,3
Vina,A,random,3,32,1,-6.7,5.129,3
Vina,A,random,4,32,1,-6.7,5.014,3
Vina,A,random,5,32,1,-6.6,5.543,3
Vina,A,random,6,32,1,-6.6,4.444,3
Vina,A,random,7,32,1,-6.5,5.472,3
Vina,A,random,8,32,1,-6.5,5.030,3
Vina,A,random,9,32,1,-6.5,5.083,3
Vina,A,random,10,32,1,-6.4,4.861,3
Vina,A,random,11,32,1,-6.4,4.522,3
Vina,A,random,12,32,1,-6.4,5.073,3
Vina,A,random,13,32,1,-6.4,4.022,3
Vina,A,random,14,32,1,-6.4,4.582,3
Vina,A,random,15,32,1,-6.3,6.015,3
Vina,A,random,16,32,1,-6.3,5.128,3
Vina,A,random,17,32,1,-6.3,5.485,3
Vina,A,random,18,32,1,-6.3,4.755,3
Vina,A,random,1,32,3,-7.4,5.166,1
Vina,A,random,2,32,3,-7.4,6.646,1
Vina,A,random,3,32,3,-7.3,6.391,1
Vina,A,random,4,32,3,-7.1,6.555,1
Vina,A,random,5,32,3,-7.1,4.534,1
Vina,A,random,6,32,3,-7.0,3.254,1
Vina,A,random,7,32,3,-7.0,5.510,1
Vina,A,random,8,32,3,-6.9,4.812,1
Vina,A,random,9,32,3,-6.8,4.684,1
Vina,A,random,10,32,3,-6.8,5.609,1
Vina,A,random,11,32,3,-6.8,4.477,1
Vina,A,random,12,32,3,-6.8,4.804,1
Vina,A,random,13,32,3,-6.8,5.575,1
Vina,A,random,14,32,3,-6.8,5.337,1
Vina,A,random,15,32,3,-6.7,4.507,1
Vina,A,random,16,32,3,-6.6,4.613,1
Vina,A,random,17,32,3,-6.6,5.551,1
Vina,A,random,18,32,3,-6.6,4.874,1
Vina,A,random,19,32,3,-6.6,5.674,1
Vina,A,random,20,32,3,-6.6,5.245,1
Vina,A,random,1,32,3,-6.9,6.266,2
Vina,A,random,2,32,3,-6.5,4.996,2
Vina,A,random,3,32,3,-6.4,6.463,2
Vina,A,random,4,32,3,-6.3,5.654,2
Vina,A,random,5,32,3,-6.3,5.510,2
Vina,A,random,6,32,3,-6.2,5.497,2
Vina,A,random,7,32,3,-6.2,5.771,2
Vina,A,random,8,32,3,-6.2,5.701,2
Vina,A,random,9,32,3,-6.0,4.663,2
Vina,A,random,10,32,3,-5.9,6.145,2
Vina,A,random,11,32,3,-5.9,5.875,2
Vina,A,random,12,32,3,-5.9,4.926,2
Vina,A,random,13,32,3,-5.8,4.428,2
Vina,A,random,14,32,3,-5.8,5.265,2
Vina,A,random,15,32,3,-5.8,5.030,2
Vina,A,random,16,32,3,-5.8,4.829,2
Vina,A,random,17,32,3,-5.7,4.796,2
Vina,A,random,18,32,3,-5.7,5.523,2
Vina,A,random,19,32,3,-5.7,4.554,2
Vina,A,random,20,32,3,-5.7,5.022,2
Vina,A,random,1,32,3,-6.9,6.903,3
Vina,A,random,2,32,3,-6.6,5.826,3
Vina,A,random,3,32,3,-6.6,4.938,3
Vina,A,random,4,32,3,-6.5,4.626,3
Vina,A,random,5,32,3,-6.4,4.605,3
Vina,A,random,6,32,3,-6.4,4.817,3
Vina,A,random,7,32,3,-6.3,3.678,3
Vina,A,random,8,32,3,-6.3,5.988,3
Vina,A,random,9,32,3,-6.2,4.938,3
Vina,A,random,10,32,3,-6.2,4.926,3
Vina,A,random,11,32,3,-6.2,5.563,3
Vina,A,random,12,32,3,-6.2,5.230,3
Vina,A,random,13,32,3,-6.2,5.789,3
Vina,A,random,14,32,3,-6.2,5.270,3
Vina,A,random,15,32,3,-6.2,5.871,3
Vina,A,random,16,32,3,-6.1,4.509,3
Vina,A,random,17,32,3,-6.1,5.114,3
Vina,A,random,18,32,3,-6.1,5.517,3
Vina,A,random,19,32,3,-6.1,5.529,3
Vina,A,random,20,32,3,-6.0,4.939,3
Vina,A,random,1,8,1,-6.6,3.759,1
Vina,A,random,2,8,1,-6.5,4.565,1
Vina,A,random,3,8,1,-6.5,4.736,1
Vina,A,random,4,8,1,-6.3,5.979,1
Vina,A,random,5,8,1,-6.1,5.077,1
Vina,A,random,6,8,1,-6.0,5.764,1
Vina,A,random,7,8,1,-6.0,5.760,1
Vina,A,random,8,8,1,-6.0,5.226,1
Vina,A,random,9,8,1,-5.8,5.331,1
Vina,A,random,10,8,1,-5.8,5.559,1
Vina,A,random,11,8,1,-5.8,5.162,1
Vina,A,random,12,8,1,-5.8,5.613,1
Vina,A,random,13,8,1,-5.8,4.658,1
Vina,A,random,14,8,1,-5.7,6.239,1
Vina,A,random,15,8,1,-5.7,5.987,1
Vina,A,random,16,8,1,-5.6,6.326,1
Vina,A,random,17,8,1,-5.6,4.298,1
Vina,A,random,18,8,1,-5.6,5.130,1
Vina,A,random,19,8,1,-5.6,3.973,1
Vina,A,random,1,8,1,-7.1,5.302,2
Vina,A,random,2,8,1,-6.9,4.586,2
Vina,A,random,3,8,1,-6.9,5.939,2
Vina,A,random,4,8,1,-6.8,3.873,2
Vina,A,random,5,8,1,-6.8,4.805,2
Vina,A,random,6,8,1,-6.7,4.469,2
Vina,A,random,7,8,1,-6.6,5.539,2
Vina,A,random,8,8,1,-6.5,4.889,2
Vina,A,random,9,8,1,-6.2,4.441,2
Vina,A,random,10,8,1,-6.1,4.489,2
Vina,A,random,11,8,1,-6.1,5.267,2
Vina,A,random,12,8,1,-6.1,5.707,2
Vina,A,random,1,8,1,-7.3,6.615,3
Vina,A,random,2,8,1,-7.0,4.956,3
Vina,A,random,3,8,1,-6.6,4.655,3
Vina,A,random,4,8,1,-6.4,5.117,3
Vina,A,random,5,8,1,-6.3,4.986,3
Vina,A,random,6,8,1,-6.3,4.334,3
Vina,A,random,1,8,3,-7.0,5.856,1
Vina,A,random,2,8,3,-6.8,1.973,1
Vina,A,random,3,8,3,-6.7,4.899,1
Vina,A,random,4,8,3,-6.4,3.743,1
Vina,A,random,5,8,3,-6.4,4.993,1
Vina,A,random,6,8,3,-6.3,4.982,1
Vina,A,random,7,8,3,-6.2,4.615,1
Vina,A,random,8,8,3,-6.2,4.421,1
Vina,A,random,9,8,3,-6.1,4.863,1
Vina,A,random,10,8,3,-6.1,5.166,1
Vina,A,random,11,8,3,-6.0,5.417,1
Vina,A,random,12,8,3,-5.9,4.940,1
Vina,A,random,13,8,3,-5.9,5.439,1
Vina,A,random,14,8,3,-5.8,4.786,1
Vina,A,random,15,8,3,-5.8,4.225,1
Vina,A,random,16,8,3,-5.8,3.403,1
Vina,A,random,17,8,3,-5.8,5.016,1
Vina,A,random,18,8,3,-5.8,4.329,1
Vina,A,random,19,8,3,-5.8,3.994,1
Vina,A,random,20,8,3,-5.8,5.099,1
Vina,A,random,1,8,3,-7.3,4.873,2
Vina,A,random,2,8,3,-6.9,5.448,2
Vina,A,random,3,8,3,-6.9,5.881,2
Vina,A,random,4,8,3,-6.8,5.263,2
Vina,A,random,5,8,3,-6.8,5.855,2
Vina,A,random,6,8,3,-6.8,6.382,2
Vina,A,random,7,8,3,-6.6,4.631,2
Vina,A,random,8,8,3,-6.6,4.050,2
Vina,A,random,9,8,3,-6.5,6.344,2
Vina,A,random,10,8,3,-6.5,4.924,2
Vina,A,random,11,8,3,-6.4,3.832,2
Vina,A,random,12,8,3,-6.4,5.152,2
Vina,A,random,13,8,3,-6.4,6.263,2
Vina,A,random,14,8,3,-6.4,5.123,2
Vina,A,random,15,8,3,-6.4,4.706,2
Vina,A,random,16,8,3,-6.4,4.948,2
Vina,A,random,17,8,3,-6.3,5.139,2
Vina,A,random,18,8,3,-6.3,5.088,2
Vina,A,random,19,8,3,-6.3,5.140,2
Vina,A,random,20,8,3,-6.2,6.076,2
Vina,A,random,1,8,3,-7.1,6.031,3
Vina,A,random,2,8,3,-6.6,4.572,3
Vina,A,random,3,8,3,-6.5,6.412,3
Vina,A,random,4,8,3,-6.4,5.847,3
Vina,A,random,5,8,3,-6.4,5.790,3
Vina,A,random,6,8,3,-6.3,5.947,3
Vina,A,random,7,8,3,-6.3,4.821,3
Vina,A,random,8,8,3,-6.2,5.835,3
Vina,A,random,9,8,3,-6.1,5.576,3
Vina,A,random,10,8,3,-6.1,5.963,3
Vina,A,random,11,8,3,-6.1,6.009,3
Vina,A,random,12,8,3,-6.1,4.808,3
Vina,A,random,13,8,3,-6.1,4.585,3
Vina,A,random,14,8,3,-6.0,4.674,3
Vina,A,random,15,8,3,-6.0,6.099,3
Vina,A,random,16,8,3,-6.0,4.383,3
Vina,A,random,17,8,3,-5.9,5.070,3
Vina,A,random,18,8,3,-5.9,5.694,3
Vina,A,random,19,8,3,-5.9,4.663,3
Vina,A,random,20,8,3,-5.8,4.419,3
Vina,B,crystal,1,24,1,-7.1,6.742,1
Vina,B,crystal,2,24,1,-7.1,6.207,1
Vina,B,crystal,3,24,1,-7.0,5.148,1
Vina,B,crystal,4,24,1,-6.9,5.788,1
Vina,B,crystal,5,24,1,-6.9,5.185,1
Vina,B,crystal,6,24,1,-6.9,5.154,1
Vina,B,crystal,7,24,1,-6.9,4.370,1
Vina,B,crystal,8,24,1,-6.8,4.901,1
Vina,B,crystal,9,24,1,-6.8,4.667,1
Vina,B,crystal,10,24,1,-6.8,6.392,1
Vina,B,crystal,11,24,1,-6.8,5.772,1
Vina,B,crystal,12,24,1,-6.8,4.649,1
Vina,B,crystal,13,24,1,-6.7,5.512,1
Vina,B,crystal,14,24,1,-6.7,5.729,1
Vina,B,crystal,15,24,1,-6.6,6.072,1
Vina,B,crystal,16,24,1,-6.6,4.774,1
Vina,B,crystal,17,24,1,-6.6,5.642,1
Vina,B,crystal,18,24,1,-6.6,4.820,1
Vina,B,crystal,19,24,1,-6.5,3.413,1
Vina,B,crystal,20,24,1,-6.5,3.696,1
Vina,B,crystal,1,24,1,-7.2,6.618,2
Vina,B,crystal,2,24,1,-7.1,6.252,2
Vina,B,crystal,3,24,1,-7.1,5.188,2
Vina,B,crystal,4,24,1,-6.9,4.894,2
Vina,B,crystal,5,24,1,-6.9,2.350,2
Vina,B,crystal,6,24,1,-6.9,5.266,2
Vina,B,crystal,7,24,1,-6.9,4.665,2
Vina,B,crystal,8,24,1,-6.8,5.838,2
Vina,B,crystal,9,24,1,-6.7,4.100,2
Vina,B,crystal,10,24,1,-6.7,4.979,2
Vina,B,crystal,11,24,1,-6.7,5.143,2
Vina,B,crystal,12,24,1,-6.7,4.168,2
Vina,B,crystal,13,24,1,-6.6,6.560,2
Vina,B,crystal,14,24,1,-6.6,5.657,2
Vina,B,crystal,15,24,1,-6.6,5.796,2
Vina,B,crystal,16,24,1,-6.5,5.505,2
Vina,B,crystal,17,24,1,-6.5,5.630,2
Vina,B,crystal,18,24,1,-6.5,5.627,2
Vina,B,crystal,19,24,1,-6.5,4.722,2
Vina,B,crystal,20,24,1,-6.4,3.817,2
Vina,B,crystal,1,24,1,-6.9,6.214,3
Vina,B,crystal,2,24,1,-6.9,6.731,3
Vina,B,crystal,3,24,1,-6.9,4.322,3
Vina,B,crystal,4,24,1,-6.9,5.267,3
Vina,B,crystal,5,24,1,-6.8,5.006,3
Vina,B,crystal,6,24,1,-6.7,5.190,3
Vina,B,crystal,7,24,1,-6.7,4.821,3
Vina,B,crystal,8,24,1,-6.7,5.314,3
Vina,B,crystal,9,24,1,-6.6,5.816,3
Vina,B,crystal,10,24,1,-6.6,5.910,3
Vina,B,crystal,11,24,1,-6.6,6.489,3
Vina,B,crystal,12,24,1,-6.6,4.775,3
Vina,B,crystal,13,24,1,-6.6,2.089,3
Vina,B,crystal,14,24,1,-6.6,4.955,3
Vina,B,crystal,15,24,1,-6.5,4.899,3
Vina,B,crystal,16,24,1,-6.5,5.243,3
Vina,B,crystal,17,24,1,-6.5,6.301,3
Vina,B,crystal,18,24,1,-6.5,5.530,3
Vina,B,crystal,19,24,1,-6.4,3.940,3
Vina,B,crystal,20,24,1,-6.3,5.704,3
Vina,B,crystal,1,24,3,-7.1,6.639,1
Vina,B,crystal,2,24,3,-7.1,2.348,1
Vina,B,crystal,3,24,3,-7.0,6.296,1
Vina,B,crystal,4,24,3,-7.0,5.092,1
Vina,B,crystal,5,24,3,-7.0,3.972,1
Vina,B,crystal,6,24,3,-7.0,4.918,1
Vina,B,crystal,7,24,3,-6.8,4.288,1
Vina,B,crystal,8,24,3,-6.8,6.636,1
Vina,B,crystal,9,24,3,-6.8,5.404,1
Vina,B,crystal,10,24,3,-6.8,5.934,1
Vina,B,crystal,11,24,3,-6.8,6.635,1
Vina,B,crystal,12,24,3,-6.7,4.816,1
Vina,B,crystal,13,24,3,-6.7,4.718,1
Vina,B,crystal,14,24,3,-6.6,4.010,1
Vina,B,crystal,15,24,3,-6.6,5.654,1
Vina,B,crystal,16,24,3,-6.6,6.561,1
Vina,B,crystal,17,24,3,-6.5,5.077,1
Vina,B,crystal,18,24,3,-6.5,4.738,1
Vina,B,crystal,19,24,3,-6.5,6.336,1
Vina,B,crystal,20,24,3,-6.5,5.866,1
Vina,B,crystal,1,24,3,-7.5,6.695,2
Vina,B,crystal,2,24,3,-7.4,6.401,2
Vina,B,crystal,3,24,3,-7.4,5.158,2
Vina,B,crystal,4,24,3,-7.2,5.225,2
Vina,B,crystal,5,24,3,-7.1,5.978,2
Vina,B,crystal,6,24,3,-7.1,3.754,2
Vina,B,crystal,7,24,3,-7.0,4.845,2
Vina,B,crystal,8,24,3,-7.0,4.894,2
Vina,B,crystal,9,24,3,-7.0,4.820,2
Vina,B,crystal,10,24,3,-6.9,5.281,2
Vina,B,crystal,11,24,3,-6.9,4.974,2
Vina,B,crystal,12,24,3,-6.9,5.871,2
Vina,B,crystal,13,24,3,-6.9,6.533,2
Vina,B,crystal,14,24,3,-6.8,4.816,2
Vina,B,crystal,15,24,3,-6.8,4.904,2
Vina,B,crystal,16,24,3,-6.8,5.692,2
Vina,B,crystal,17,24,3,-6.8,5.396,2
Vina,B,crystal,18,24,3,-6.8,4.801,2
Vina,B,crystal,19,24,3,-6.8,3.680,2
Vina,B,crystal,20,24,3,-6.7,4.894,2
Vina,B,crystal,1,24,3,-7.2,6.630,3
Vina,B,crystal,2,24,3,-7.1,5.200,3
Vina,B,crystal,3,24,3,-7.0,6.269,3
Vina,B,crystal,4,24,3,-7.0,4.992,3
Vina,B,crystal,5,24,3,-6.9,5.154,3
Vina,B,crystal,6,24,3,-6.9,5.262,3
Vina,B,crystal,7,24,3,-6.8,5.042,3
Vina,B,crystal,8,24,3,-6.8,4.656,3
Vina,B,crystal,9,24,3,-6.8,5.012,3
Vina,B,crystal,10,24,3,-6.8,3.918,3
Vina,B,crystal,11,24,3,-6.8,4.377,3
Vina,B,crystal,12,24,3,-6.7,4.617,3
Vina,B,crystal,13,24,3,-6.7,5.425,3
Vina,B,crystal,14,24,3,-6.7,6.614,3
Vina,B,crystal,15,24,3,-6.7,5.755,3
Vina,B,crystal,16,24,3,-6.6,4.124,3
Vina,B,crystal,17,24,3,-6.6,4.864,3
Vina,B,crystal,18,24,3,-6.6,5.680,3
Vina,B,crystal,19,24,3,-6.6,5.651,3
Vina,B,crystal,20,24,3,-6.5,4.646,3
Vina,B,crystal,1,32,1,-7.5,6.681,1
Vina,B,crystal,2,32,1,-7.4,6.171,1
Vina,B,crystal,3,32,1,-7.4,3.971,1
Vina,B,crystal,4,32,1,-7.3,5.165,1
Vina,B,crystal,5,32,1,-7.3,4.399,1
Vina,B,crystal,6,32,1,-7.2,5.161,1
Vina,B,crystal,7,32,1,-7.2,2.315,1
Vina,B,crystal,8,32,1,-7.1,5.017,1
Vina,B,crystal,9,32,1,-7.1,5.806,1
Vina,B,crystal,10,32,1,-7.0,4.909,1
Vina,B,crystal,11,32,1,-7.0,5.517,1
Vina,B,crystal,12,32,1,-7.0,5.453,1
Vina,B,crystal,13,32,1,-6.9,5.376,1
Vina,B,crystal,14,32,1,-6.9,5.170,1
Vina,B,crystal,15,32,1,-6.9,6.546,1
Vina,B,crystal,16,32,1,-6.9,4.781,1
Vina,B,crystal,17,32,1,-6.9,5.174,1
Vina,B,crystal,18,32,1,-6.8,6.045,1
Vina,B,crystal,19,32,1,-6.8,5.685,1
Vina,B,crystal,20,32,1,-6.7,3.741,1
Vina,B,crystal,1,32,1,-7.6,6.771,2
Vina,B,crystal,2,32,1,-7.5,6.584,2
Vina,B,crystal,3,32,1,-7.4,3.806,2
Vina,B,crystal,4,32,1,-7.4,6.140,2
Vina,B,crystal,5,32,1,-7.3,5.284,2
Vina,B,crystal,6,32,1,-7.2,5.093,2
Vina,B,crystal,7,32,1,-7.2,5.578,2
Vina,B,crystal,8,32,1,-7.1,4.930,2
Vina,B,crystal,9,32,1,-7.1,5.699,2
Vina,B,crystal,10,32,1,-7.1,5.157,2
Vina,B,crystal,11,32,1,-7.1,5.402,2
Vina,B,crystal,12,32,1,-7.1,2.370,2
Vina,B,crystal,13,32,1,-7.1,5.128,2
Vina,B,crystal,14,32,1,-7.0,4.308,2
Vina,B,crystal,15,32,1,-7.0,4.481,2
Vina,B,crystal,16,32,1,-7.0,5.851,2
Vina,B,crystal,17,32,1,-7.0,4.994,2
Vina,B,crystal,18,32,1,-7.0,4.829,2
Vina,B,crystal,19,32,1,-7.0,6.500,2
Vina,B,crystal,20,32,1,-6.9,5.266,2
Vina,B,crystal,1,32,1,-7.1,6.562,3
Vina,B,crystal,2,32,1,-7.0,6.179,3
Vina,B,crystal,3,32,1,-7.0,6.442,3
Vina,B,crystal,4,32,1,-7.0,5.145,3
Vina,B,crystal,5,32,1,-6.9,5.102,3
Vina,B,crystal,6,32,1,-6.8,5.003,3
Vina,B,crystal,7,32,1,-6.8,4.951,3
Vina,B,crystal,8,32,1,-6.8,5.194,3
Vina,B,crystal,9,32,1,-6.7,5.375,3
Vina,B,crystal,10,32,1,-6.7,5.760,3
Vina,B,crystal,11,32,1,-6.7,4.684,3
Vina,B,crystal,12,32,1,-6.7,4.928,3
Vina,B,crystal,13,32,1,-6.7,5.006,3
Vina,B,crystal,14,32,1,-6.6,6.015,3
Vina,B,crystal,15,32,1,-6.6,4.771,3
Vina,B,crystal,16,32,1,-6.6,5.871,3
Vina,B,crystal,17,32,1,-6.6,2.447,3
Vina,B,crystal,18,32,1,-6.4,6.762,3
Vina,B,crystal,19,32,1,-6.4,5.682,3
Vina,B,crystal,20,32,1,-6.4,6.011,3
Vina,B,crystal,1,32,3,-7.1,6.584,1
Vina,B,crystal,2,32,3,-7.0,6.205,1
Vina,B,crystal,3,32,3,-6.9,5.273,1
Vina,B,crystal,4,32,3,-6.8,5.097,1
Vina,B,crystal,5,32,3,-6.8,2.624,1
Vina,B,crystal,6,32,3,-6.7,5.282,1
Vina,B,crystal,7,32,3,-6.7,5.240,1
Vina,B,crystal,8,32,3,-6.7,5.132,1
Vina,B,crystal,9,32,3,-6.7,5.126,1
Vina,B,crystal,10,32,3,-6.7,4.766,1
Vina,B,crystal,11,32,3,-6.6,4.061,1
Vina,B,crystal,12,32,3,-6.6,4.735,1
Vina,B,crystal,13,32,3,-6.6,5.808,1
Vina,B,crystal,14,32,3,-6.6,5.053,1
Vina,B,crystal,15,32,3,-6.6,5.157,1
Vina,B,crystal,16,32,3,-6.5,4.818,1
Vina,B,crystal,17,32,3,-6.5,4.707,1
Vina,B,crystal,18,32,3,-6.5,3.957,1
Vina,B,crystal,19,32,3,-6.4,6.418,1
Vina,B,crystal,20,32,3,-6.4,5.669,1
Vina,B,crystal,1,32,3,-7.1,6.356,2
Vina,B,crystal,2,32,3,-7.1,5.180,2
Vina,B,crystal,3,32,3,-7.1,6.637,2
Vina,B,crystal,4,32,3,-7.0,5.094,2
Vina,B,crystal,5,32,3,-6.9,4.989,2
Vina,B,crystal,6,32,3,-6.9,3.917,2
Vina,B,crystal,7,32,3,-6.9,5.239,2
Vina,B,crystal,8,32,3,-6.9,5.217,2
Vina,B,crystal,9,32,3,-6.9,5.581,2
Vina,B,crystal,10,32,3,-6.8,6.508,2
Vina,B,crystal,11,32,3,-6.8,4.823,2
Vina,B,crystal,12,32,3,-6.7,4.296,2
Vina,B,crystal,13,32,3,-6.7,5.208,2
Vina,B,crystal,14,32,3,-6.6,5.443,2
Vina,B,crystal,15,32,3,-6.6,3.161,2
Vina,B,crystal,16,32,3,-6.6,5.660,2
Vina,B,crystal,17,32,3,-6.6,5.658,2
Vina,B,crystal,18,32,3,-6.6,4.748,2
Vina,B,crystal,19,32,3,-6.5,5.975,2
Vina,B,crystal,20,32,3,-6.4,3.843,2
Vina,B,crystal,1,32,3,-7.3,6.690,3
Vina,B,crystal,2,32,3,-7.1,6.717,3
Vina,B,crystal,3,32,3,-7.1,2.370,3
Vina,B,crystal,4,32,3,-7.0,6.145,3
Vina,B,crystal,5,32,3,-7.0,6.231,3
Vina,B,crystal,6,32,3,-7.0,4.407,3
Vina,B,crystal,7,32,3,-6.9,5.169,3
Vina,B,crystal,8,32,3,-6.9,5.091,3
Vina,B,crystal,9,32,3,-6.8,6.575,3
Vina,B,crystal,10,32,3,-6.8,5.543,3
Vina,B,crystal,11,32,3,-6.8,5.261,3
Vina,B,crystal,12,32,3,-6.8,6.503,3
Vina,B,crystal,13,32,3,-6.8,4.694,3
Vina,B,crystal,14,32,3,-6.8,5.119,3
Vina,B,crystal,15,32,3,-6.8,5.736,3
Vina,B,crystal,16,32,3,-6.7,4.805,3
Vina,B,crystal,17,32,3,-6.7,5.146,3
Vina,B,crystal,18,32,3,-6.6,5.890,3
Vina,B,crystal,19,32,3,-6.5,5.693,3
Vina,B,crystal,20,32,3,-6.4,5.558,3
Vina,B,crystal,1,8,1,-7.1,6.578,1
Vina,B,crystal,2,8,1,-7.0,5.260,1
Vina,B,crystal,3,8,1,-7.0,6.153,1
Vina,B,crystal,4,8,1,-6.9,4.990,1
Vina,B,crystal,5,8,1,-6.8,4.954,1
Vina,B,crystal,6,8,1,-6.8,6.492,1
Vina,B,crystal,7,8,1,-6.8,3.896,1
Vina,B,crystal,8,8,1,-6.7,4.127,1
Vina,B,crystal,9,8,1,-6.6,5.646,1
Vina,B,crystal,10,8,1,-6.5,5.355,1
Vina,B,crystal,11,8,1,-6.5,4.781,1
Vina,B,crystal,12,8,1,-6.4,4.984,1
Vina,B,crystal,13,8,1,-6.4,4.404,1
Vina,B,crystal,14,8,1,-6.4,6.788,1
Vina,B,crystal,15,8,1,-6.4,6.456,1
Vina,B,crystal,16,8,1,-6.3,5.801,1
Vina,B,crystal,17,8,1,-6.3,5.134,1
Vina,B,crystal,18,8,1,-6.3,4.607,1
Vina,B,crystal,19,8,1,-6.2,6.332,1
Vina,B,crystal,1,8,1,-7.3,6.618,2
Vina,B,crystal,2,8,1,-7.2,6.756,2
Vina,B,crystal,3,8,1,-7.1,6.266,2
Vina,B,crystal,4,8,1,-6.9,5.000,2
Vina,B,crystal,5,8,1,-6.8,5.831,2
Vina,B,crystal,6,8,1,-6.7,5.140,2
Vina,B,crystal,7,8,1,-6.7,5.411,2
Vina,B,crystal,8,8,1,-6.7,5.154,2
Vina,B,crystal,9,8,1,-6.6,5.340,2
Vina,B,crystal,10,8,1,-6.5,6.420,2
Vina,B,crystal,11,8,1,-6.5,5.578,2
Vina,B,crystal,12,8,1,-6.5,5.797,2
Vina,B,crystal,13,8,1,-6.5,5.136,2
Vina,B,crystal,14,8,1,-6.4,4.840,2
Vina,B,crystal,15,8,1,-6.4,4.520,2
Vina,B,crystal,16,8,1,-6.3,4.883,2
Vina,B,crystal,17,8,1,-6.3,4.927,2
Vina,B,crystal,1,8,1,-7.2,5.891,3
Vina,B,crystal,2,8,1,-7.2,5.182,3
Vina,B,crystal,3,8,1,-7.1,5.482,3
Vina,B,crystal,4,8,1,-7.1,6.407,3
Vina,B,crystal,5,8,1,-7.0,4.337,3
Vina,B,crystal,6,8,1,-6.9,4.971,3
Vina,B,crystal,7,8,1,-6.8,4.648,3
Vina,B,crystal,8,8,1,-6.8,6.468,3
Vina,B,crystal,9,8,1,-6.8,4.612,3
Vina,B,crystal,10,8,1,-6.7,3.826,3
Vina,B,crystal,11,8,1,-6.7,6.675,3
Vina,B,crystal,12,8,1,-6.6,5.662,3
Vina,B,crystal,13,8,1,-6.6,4.110,3
Vina,B,crystal,14,8,1,-6.4,5.872,3
Vina,B,crystal,15,8,1,-6.4,5.738,3
Vina,B,crystal,16,8,1,-6.4,5.378,3
Vina,B,crystal,17,8,1,-6.3,3.996,3
Vina,B,crystal,18,8,1,-6.3,5.672,3
Vina,B,crystal,19,8,1,-6.2,4.238,3
Vina,B,crystal,20,8,1,-6.2,6.611,3
Vina,B,crystal,1,8,3,-7.3,5.011,1
Vina,B,crystal,2,8,3,-7.3,5.590,1
Vina,B,crystal,3,8,3,-7.2,5.272,1
Vina,B,crystal,4,8,3,-7.1,5.908,1
Vina,B,crystal,5,8,3,-7.0,5.216,1
Vina,B,crystal,6,8,3,-7.0,4.596,1
Vina,B,crystal,7,8,3,-7.0,5.104,1
Vina,B,crystal,8,8,3,-7.0,6.643,1
Vina,B,crystal,9,8,3,-6.9,5.690,1
Vina,B,crystal,10,8,3,-6.8,4.719,1
Vina,B,crystal,11,8,3,-6.8,6.084,1
Vina,B,crystal,12,8,3,-6.8,4.801,1
Vina,B,crystal,13,8,3,-6.7,6.352,1
Vina,B,crystal,14,8,3,-6.7,4.813,1
Vina,B,crystal,15,8,3,-6.6,4.860,1
Vina,B,crystal,16,8,3,-6.6,4.690,1
Vina,B,crystal,17,8,3,-6.6,5.224,1
Vina,B,crystal,18,8,3,-6.5,5.047,1
Vina,B,crystal,19,8,3,-6.5,5.380,1
Vina,B,crystal,20,8,3,-6.5,5.257,1
Vina,B,crystal,1,8,3,-7.3,5.211,2
Vina,B,crystal,2,8,3,-7.3,5.935,2
Vina,B,crystal,3,8,3,-7.2,5.300,2
Vina,B,crystal,4,8,3,-7.1,4.821,2
Vina,B,crystal,5,8,3,-6.9,6.113,2
Vina,B,crystal,6,8,3,-6.9,4.646,2
Vina,B,crystal,7,8,3,-6.9,6.560,2
Vina,B,crystal,8,8,3,-6.8,4.588,2
Vina,B,crystal,9,8,3,-6.8,5.835,2
Vina,B,crystal,10,8,3,-6.8,5.261,2
Vina,B,crystal,11,8,3,-6.7,5.978,2
Vina,B,crystal,12,8,3,-6.6,6.644,2
Vina,B,crystal,13,8,3,-6.6,5.317,2
Vina,B,crystal,14,8,3,-6.6,5.476,2
Vina,B,crystal,15,8,3,-6.6,5.734,2
Vina,B,crystal,16,8,3,-6.6,6.328,2
Vina,B,crystal,17,8,3,-6.5,4.696,2
Vina,B,crystal,18,8,3,-6.5,5.964,2
Vina,B,crystal,19,8,3,-6.5,4.665,2
Vina,B,crystal,20,8,3,-6.5,4.994,2
Vina,B,crystal,1,8,3,-7.2,6.694,3
Vina,B,crystal,2,8,3,-7.2,6.209,3
Vina,B,crystal,3,8,3,-7.2,6.727,3
Vina,B,crystal,4,8,3,-7.1,3.981,3
Vina,B,crystal,5,8,3,-7.0,5.006,3
Vina,B,crystal,6,8,3,-6.9,5.285,3
Vina,B,crystal,7,8,3,-6.8,5.896,3
Vina,B,crystal,8,8,3,-6.7,5.068,3
Vina,B,crystal,9,8,3,-6.7,4.693,3
Vina,B,crystal,10,8,3,-6.6,4.189,3
Vina,B,crystal,11,8,3,-6.5,2.021,3
Vina,B,crystal,12,8,3,-6.5,5.403,3
Vina,B,crystal,13,8,3,-6.5,6.478,3
Vina,B,crystal,14,8,3,-6.5,4.918,3
Vina,B,crystal,15,8,3,-6.5,5.880,3
Vina,B,crystal,16,8,3,-6.5,4.992,3
Vina,B,crystal,17,8,3,-6.4,4.946,3
Vina,B,crystal,18,8,3,-6.4,4.648,3
Vina,B,crystal,19,8,3,-6.4,6.400,3
Vina,B,crystal,20,8,3,-6.3,5.510,3
Vina,B,random,1,24,1,-7.3,3.653,1
Vina,B,random,2,24,1,-7.2,3.355,1
Vina,B,random,3,24,1,-7.2,4.036,1
Vina,B,random,4,24,1,-7.2,4.365,1
Vina,B,random,5,24,1,-7.1,5.551,1
Vina,B,random,6,24,1,-7.1,4.888,1
Vina,B,random,7,24,1,-7.1,4.763,1
Vina,B,random,8,24,1,-7.0,5.719,1
Vina,B,random,9,24,1,-7.0,5.694,1
Vina,B,random,10,24,1,-7.0,5.857,1
Vina,B,random,11,24,1,-6.9,4.807,1
Vina,B,random,12,24,1,-6.9,5.635,1
Vina,B,random,13,24,1,-6.9,4.947,1
Vina,B,random,14,24,1,-6.9,5.693,1
Vina,B,random,15,24,1,-6.9,4.594,1
Vina,B,random,16,24,1,-6.8,4.320,1
Vina,B,random,17,24,1,-6.8,4.149,1
Vina,B,random,18,24,1,-6.8,4.913,1
Vina,B,random,19,24,1,-6.8,4.280,1
Vina,B,random,20,24,1,-6.8,3.578,1
Vina,B,random,1,24,1,-7.3,3.314,2
Vina,B,random,2,24,1,-7.3,5.642,2
Vina,B,random,3,24,1,-7.2,3.515,2
Vina,B,random,4,24,1,-7.1,4.328,2
Vina,B,random,5,24,1,-7.0,5.999,2
Vina,B,random,6,24,1,-7.0,3.837,2
Vina,B,random,7,24,1,-6.9,5.642,2
Vina,B,random,8,24,1,-6.9,5.053,2
Vina,B,random,9,24,1,-6.8,5.316,2
Vina,B,random,10,24,1,-6.8,5.322,2
Vina,B,random,11,24,1,-6.8,5.241,2
Vina,B,random,12,24,1,-6.8,5.639,2
Vina,B,random,13,24,1,-6.8,5.027,2
Vina,B,random,14,24,1,-6.7,4.057,2
Vina,B,random,15,24,1,-6.7,4.185,2
Vina,B,random,16,24,1,-6.7,5.855,2
Vina,B,random,17,24,1,-6.7,4.334,2
Vina,B,random,18,24,1,-6.6,4.614,2
Vina,B,random,19,24,1,-6.6,5.145,2
Vina,B,random,20,24,1,-6.6,5.682,2
Vina,B,random,1,24,1,-7.2,3.327,3
Vina,B,random,2,24,1,-7.1,3.434,3
Vina,B,random,3,24,1,-7.0,4.360,3
Vina,B,random,4,24,1,-6.9,4.287,3
Vina,B,random,5,24,1,-6.9,5.071,3
Vina,B,random,6,24,1,-6.9,5.461,3
Vina,B,random,7,24,1,-6.9,4.960,3
Vina,B,random,8,24,1,-6.9,5.885,3
Vina,B,random,9,24,1,-6.8,4.732,3
Vina,B,random,10,24,1,-6.8,5.814,3
Vina,B,random,11,24,1,-6.8,5.341,3
Vina,B,random,12,24,1,-6.7,4.085,3
Vina,B,random,13,24,1,-6.6,4.432,3
Vina,B,random,14,24,1,-6.6,4.382,3
Vina,B,random,15,24,1,-6.6,4.636,3
Vina,B,random,16,24,1,-6.6,4.623,3
Vina,B,random,17,24,1,-6.6,3.749,3
Vina,B,random,18,24,1,-6.6,5.035,3
Vina,B,random,19,24,1,-6.5,5.585,3
Vina,B,random,20,24,1,-6.4,5.217,3
Vina,B,random,1,24,3,-7.4,3.486,1
Vina,B,random,2,24,3,-7.4,3.394,1
Vina,B,random,3,24,3,-7.3,3.420,1
Vina,B,random,4,24,3,-7.1,5.765,1
Vina,B,random,5,24,3,-7.1,5.440,1
Vina,B,random,6,24,3,-7.1,5.702,1
Vina,B,random,7,24,3,-7.1,4.513,1
Vina,B,random,8,24,3,-7.1,4.345,1
Vina,B,random,9,24,3,-7.1,3.784,1
Vina,B,random,10,24,3,-7.1,4.904,1
Vina,B,random,11,24,3,-7.0,5.989,1
Vina,B,random,12,24,3,-7.0,4.171,1
Vina,B,random,13,24,3,-7.0,3.509,1
Vina,B,random,14,24,3,-7.0,5.678,1
Vina,B,random,15,24,3,-6.9,5.686,1
Vina,B,random,16,24,3,-6.9,5.251,1
Vina,B,random,17,24,3,-6.9,4.381,1
Vina,B,random,18,24,3,-6.9,3.126,1
Vina,B,random,19,24,3,-6.8,4.309,1
Vina,B,random,20,24,3,-6.7,4.936,1
Vina,B,random,1,24,3,-7.1,3.405,2
Vina,B,random,2,24,3,-7.1,3.343,2
Vina,B,random,3,24,3,-7.0,4.375,2
Vina,B,random,4,24,3,-7.0,3.406,2
Vina,B,random,5,24,3,-6.9,4.781,2
Vina,B,random,6,24,3,-6.9,6.072,2
Vina,B,random,7,24,3,-6.9,5.628,2
Vina,B,random,8,24,3,-6.9,5.327,2
Vina,B,random,9,24,3,-6.9,4.112,2
Vina,B,random,10,24,3,-6.9,4.929,2
Vina,B,random,11,24,3,-6.9,5.126,2
Vina,B,random,12,24,3,-6.9,4.258,2
Vina,B,random,13,24,3,-6.8,4.324,2
Vina,B,random,14,24,3,-6.8,4.188,2
Vina,B,random,15,24,3,-6.8,4.900,2
Vina,B,random,16,24,3,-6.7,5.269,2
Vina,B,random,17,24,3,-6.7,4.275,2
Vina,B,random,18,24,3,-6.6,5.755,2
Vina,B,random,19,24,3,-6.5,4.437,2
Vina,B,random,20,24,3,-6.4,5.253,2
Vina,B,random,1,24,3,-7.5,3.521,3
Vina,B,random,2,24,3,-7.4,4.538,3
Vina,B,random,3,24,3,-7.3,4.097,3
Vina,B,random,4,24,3,-7.2,5.074,3
Vina,B,random,5,24,3,-7.2,5.585,3
Vina,B,random,6,24,3,-7.1,4.284,3
Vina,B,random,7,24,3,-7.1,4.688,3
Vina,B,random,8,24,3,-7.1,4.936,3
Vina,B,random,9,24,3,-7.0,4.089,3
Vina,B,random,10,24,3,-7.0,5.310,3
Vina,B,random,11,24,3,-7.0,5.778,3
Vina,B,random,12,24,3,-7.0,4.710,3
Vina,B,random,13,24,3,-7.0,3.430,3
Vina,B,random,14,24,3,-6.9,4.417,3
Vina,B,random,15,24,3,-6.9,5.120,3
Vina,B,random,16,24,3,-6.9,5.124,3
Vina,B,random,17,24,3,-6.8,4.138,3
Vina,B,random,18,24,3,-6.8,4.589,3
Vina,B,random,19,24,3,-6.7,4.666,3
Vina,B,random,20,24,3,-6.7,5.205,3
Vina,B,random,1,32,1,-7.1,3.375,1
Vina,B,random,2,32,1,-7.0,4.481,1
Vina,B,random,3,32,1,-6.9,4.223,1
Vina,B,random,4,32,1,-6.9,5.864,1
Vina,B,random,5,32,1,-6.9,6.115,1
Vina,B,random,6,32,1,-6.8,4.955,1
Vina,B,random,7,32,1,-6.8,4.182,1
Vina,B,random,8,32,1,-6.8,5.736,1
Vina,B,random,9,32,1,-6.8,4.829,1
Vina,B,random,10,32,1,-6.8,5.484,1
Vina,B,random,11,32,1,-6.6,4.480,1
Vina,B,random,12,32,1,-6.6,5.484,1
Vina,B,random,13,32,1,-6.6,5.031,1
Vina,B,random,14,32,1,-6.6,4.328,1
Vina,B,random,15,32,1,-6.6,5.299,1
Vina,B,random,16,32,1,-6.5,4.392,1
Vina,B,random,17,32,1,-6.5,5.731,1
Vina,B,random,18,32,1,-6.5,4.642,1
Vina,B,random,19,32,1,-6.5,4.279,1
Vina,B,random,20,32,1,-6.5,3.087,1
Vina,B,random,1,32,1,-7.3,3.347,2
Vina,B,random,2,32,1,-7.1,3.226,2
Vina,B,random,3,32,1,-7.0,3.346,2
Vina,B,random,4,32,1,-6.9,5.824,2
Vina,B,random,5,32,1,-6.9,4.544,2
Vina,B,random,6,32,1,-6.8,5.020,2
Vina,B,random,7,32,1,-6.8,4.841,2
Vina,B,random,8,32,1,-6.8,5.568,2
Vina,B,random,9,32,1,-6.7,4.147,2
Vina,B,random,10,32,1,-6.7,5.800,2
Vina,B,random,11,32,1,-6.7,2.958,2
Vina,B,random,12,32,1,-6.7,4.896,2
Vina,B,random,13,32,1,-6.7,5.760,2
Vina,B,random,14,32,1,-6.7,5.941,2
Vina,B,random,15,32,1,-6.6,4.804,2
Vina,B,random,16,32,1,-6.6,4.340,2
Vina,B,random,17,32,1,-6.6,4.495,2
Vina,B,random,18,32,1,-6.6,4.423,2
Vina,B,random,19,32,1,-6.6,5.142,2
Vina,B,random,20,32,1,-6.5,4.651,2
Vina,B,random,1,32,1,-7.5,3.475,3
Vina,B,random,2,32,1,-7.4,3.398,3
Vina,B,random,3,32,1,-7.3,4.530,3
Vina,B,random,4,32,1,-7.3,3.552,3
Vina,B,random,5,32,1,-7.3,5.844,3
Vina,B,random,6,32,1,-7.2,4.819,3
Vina,B,random,7,32,1,-7.2,5.926,3
Vina,B,random,8,32,1,-7.1,5.171,3
Vina,B,random,9,32,1,-7.1,5.628,3
Vina,B,random,10,32,1,-7.1,5.468,3
Vina,B,random,11,32,1,-7.1,4.908,3
Vina,B,random,12,32,1,-7.1,5.023,3
Vina,B,random,13,32,1,-7.1,4.237,3
Vina,B,random,14,32,1,-7.0,5.678,3
Vina,B,random,15,32,1,-7.0,5.765,3
Vina,B,random,16,32,1,-6.9,4.327,3
Vina,B,random,17,32,1,-6.9,4.629,3
Vina,B,random,18,32,1,-6.8,5.891,3
Vina,B,random,19,32,1,-6.8,4.430,3
Vina,B,random,20,32,1,-6.8,5.211,3
Vina,B,random,1,32,3,-7.3,3.353,1
Vina,B,random,2,32,3,-7.2,3.470,1
Vina,B,random,3,32,3,-7.1,4.498,1
Vina,B,random,4,32,3,-7.1,6.096,1
Vina,B,random,5,32,3,-7.1,4.242,1
Vina,B,random,6,32,3,-7.0,5.093,1
Vina,B,random,7,32,3,-7.0,4.906,1
Vina,B,random,8,32,3,-7.0,5.623,1
Vina,B,random,9,32,3,-7.0,5.724,1
Vina,B,random,10,32,3,-6.9,4.879,1
Vina,B,random,11,32,3,-6.9,5.238,1
Vina,B,random,12,32,3,-6.8,4.473,1
Vina,B,random,13,32,3,-6.8,5.746,1
Vina,B,random,14,32,3,-6.7,3.858,1
Vina,B,random,15,32,3,-6.7,4.526,1
Vina,B,random,16,32,3,-6.7,5.106,1
Vina,B,random,17,32,3,-6.6,5.197,1
Vina,B,random,18,32,3,-6.6,4.799,1
Vina,B,random,19,32,3,-6.6,5.288,1
Vina,B,random,20,32,3,-6.6,5.656,1
Vina,B,random,1,32,3,-7.2,3.364,2
Vina,B,random,2,32,3,-7.1,3.333,2
Vina,B,random,3,32,3,-7.0,4.530,2
Vina,B,random,4,32,3,-6.9,4.235,2
Vina,B,random,5,32,3,-6.9,4.798,2
Vina,B,random,6,32,3,-6.9,5.692,2
Vina,B,random,7,32,3,-6.8,4.996,2
Vina,B,random,8,32,3,-6.8,5.325,2
Vina,B,random,9,32,3,-6.8,6.120,2
Vina,B,random,10,32,3,-6.8,5.078,2
Vina,B,random,11,32,3,-6.7,4.948,2
Vina,B,random,12,32,3,-6.7,5.248,2
Vina,B,random,13,32,3,-6.7,5.801,2
Vina,B,random,14,32,3,-6.6,2.948,2
Vina,B,random,15,32,3,-6.6,4.728,2
Vina,B,random,16,32,3,-6.6,4.152,2
Vina,B,random,17,32,3,-6.6,5.170,2
Vina,B,random,18,32,3,-6.5,4.288,2
Vina,B,random,19,32,3,-6.5,5.795,2
Vina,B,random,20,32,3,-6.4,4.118,2
Vina,B,random,1,32,3,-6.9,3.512,3
Vina,B,random,2,32,3,-6.9,3.429,3
Vina,B,random,3,32,3,-6.9,4.512,3
Vina,B,random,4,32,3,-6.7,5.962,3
Vina,B,random,5,32,3,-6.7,5.306,3
Vina,B,random,6,32,3,-6.7,5.120,3
Vina,B,random,7,32,3,-6.7,5.722,3
Vina,B,random,8,32,3,-6.7,5.097,3
Vina,B,random,9,32,3,-6.6,5.972,3
Vina,B,random,10,32,3,-6.6,4.911,3
Vina,B,random,11,32,3,-6.6,5.893,3
Vina,B,random,12,32,3,-6.5,4.960,3
Vina,B,random,13,32,3,-6.5,5.328,3
Vina,B,random,14,32,3,-6.5,4.997,3
Vina,B,random,15,32,3,-6.5,4.660,3
Vina,B,random,16,32,3,-6.5,4.378,3
Vina,B,random,17,32,3,-6.4,5.146,3
Vina,B,random,18,32,3,-6.4,4.918,3
Vina,B,random,19,32,3,-6.4,5.545,3
Vina,B,random,20,32,3,-6.4,4.105,3
Vina,B,random,1,8,1,-7.3,3.321,1
Vina,B,random,2,8,1,-7.1,4.609,1
Vina,B,random,3,8,1,-7.1,3.484,1
Vina,B,random,4,8,1,-7.1,3.287,1
Vina,B,random,5,8,1,-6.8,4.521,1
Vina,B,random,6,8,1,-6.8,5.861,1
Vina,B,random,7,8,1,-6.7,5.013,1
Vina,B,random,8,8,1,-6.6,4.804,1
Vina,B,random,9,8,1,-6.6,4.247,1
Vina,B,random,10,8,1,-6.6,4.407,1
Vina,B,random,11,8,1,-6.6,3.835,1
Vina,B,random,12,8,1,-6.6,3.462,1
Vina,B,random,13,8,1,-6.6,4.505,1
Vina,B,random,14,8,1,-6.5,5.210,1
Vina,B,random,15,8,1,-6.5,4.606,1
Vina,B,random,16,8,1,-6.5,4.773,1
Vina,B,random,17,8,1,-6.5,4.903,1
Vina,B,random,18,8,1,-6.4,4.175,1
Vina,B,random,19,8,1,-6.4,5.213,1
Vina,B,random,20,8,1,-6.4,4.220,1
Vina,B,random,1,8,1,-7.2,3.331,2
Vina,B,random,2,8,1,-7.1,3.401,2
Vina,B,random,3,8,1,-7.0,3.415,2
Vina,B,random,4,8,1,-7.0,5.730,2
Vina,B,random,5,8,1,-6.9,4.305,2
Vina,B,random,6,8,1,-6.8,6.084,2
Vina,B,random,7,8,1,-6.8,4.750,2
Vina,B,random,8,8,1,-6.8,5.240,2
Vina,B,random,9,8,1,-6.8,5.590,2
Vina,B,random,10,8,1,-6.7,4.706,2
Vina,B,random,11,8,1,-6.7,5.267,2
Vina,B,random,12,8,1,-6.5,5.601,2
Vina,B,random,13,8,1,-6.5,4.923,2
Vina,B,random,14,8,1,-6.5,5.430,2
Vina,B,random,15,8,1,-6.5,4.264,2
Vina,B,random,16,8,1,-6.5,4.700,2
Vina,B,random,17,8,1,-6.4,5.764,2
Vina,B,random,18,8,1,-6.4,4.481,2
Vina,B,random,19,8,1,-6.3,4.524,2
Vina,B,random,20,8,1,-6.2,4.836,2
Vina,B,random,1,8,1,-8.0,5.537,3
Vina,B,random,2,8,1,-7.9,3.430,3
Vina,B,random,3,8,1,-7.9,3.245,3
Vina,B,random,4,8,1,-7.8,4.371,3
Vina,B,random,5,8,1,-7.7,4.219,3
Vina,B,random,6,8,1,-7.7,6.059,3
Vina,B,random,7,8,1,-7.6,5.212,3
Vina,B,random,8,8,1,-7.6,4.140,3
Vina,B,random,9,8,1,-7.6,4.553,3
Vina,B,random,10,8,1,-7.3,5.728,3
Vina,B,random,11,8,1,-7.3,5.039,3
Vina,B,random,12,8,1,-7.3,4.477,3
Vina,B,random,13,8,1,-7.2,3.933,3
Vina,B,random,14,8,1,-7.2,4.437,3
Vina,B,random,15,8,1,-7.2,4.220,3
Vina,B,random,16,8,1,-7.1,5.132,3
Vina,B,random,17,8,1,-7.0,4.888,3
Vina,B,random,18,8,1,-7.0,4.638,3
Vina,B,random,1,8,3,-7.3,4.553,1
Vina,B,random,2,8,3,-7.1,5.193,1
Vina,B,random,3,8,3,-7.0,3.852,1
Vina,B,random,4,8,3,-6.8,5.773,1
Vina,B,random,5,8,3,-6.8,4.926,1
Vina,B,random,6,8,3,-6.8,4.411,1
Vina,B,random,7,8,3,-6.8,4.706,1
Vina,B,random,8,8,3,-6.8,5.493,1
Vina,B,random,9,8,3,-6.7,5.227,1
Vina,B,random,10,8,3,-6.7,4.587,1
Vina,B,random,11,8,3,-6.7,5.319,1
Vina,B,random,12,8,3,-6.6,3.908,1
Vina,B,random,13,8,3,-6.6,4.646,1
Vina,B,random,14,8,3,-6.5,4.777,1
Vina,B,random,15,8,3,-6.5,3.115,1
Vina,B,random,16,8,3,-6.5,4.306,1
Vina,B,random,17,8,3,-6.5,4.512,1
Vina,B,random,18,8,3,-6.4,4.522,1
Vina,B,random,19,8,3,-6.2,3.392,1
Vina,B,random,20,8,3,-6.2,4.649,1
Vina,B,random,1,8,3,-7.1,3.353,2
Vina,B,random,2,8,3,-7.1,4.516,2
Vina,B,random,3,8,3,-7.0,3.460,2
Vina,B,random,4,8,3,-6.9,4.665,2
Vina,B,random,5,8,3,-6.8,4.172,2
Vina,B,random,6,8,3,-6.7,5.959,2
Vina,B,random,7,8,3,-6.7,5.263,2
Vina,B,random,8,8,3,-6.6,4.289,2
Vina,B,random,9,8,3,-6.6,4.344,2
Vina,B,random,10,8,3,-6.6,4.636,2
Vina,B,random,11,8,3,-6.5,4.739,2
Vina,B,random,12,8,3,-6.5,5.820,2
Vina,B,random,13,8,3,-6.4,4.436,2
Vina,B,random,14,8,3,-6.4,3.093,2
Vina,B,random,15,8,3,-6.4,5.336,2
Vina,B,random,16,8,3,-6.3,4.206,2
Vina,B,random,17,8,3,-6.3,4.938,2
Vina,B,random,18,8,3,-6.3,4.510,2
Vina,B,random,19,8,3,-6.3,5.448,2
Vina,B,random,20,8,3,-6.3,3.301,2
Vina,B,random,1,8,3,-7.3,4.525,3
Vina,B,random,2,8,3,-7.0,5.552,3
Vina,B,random,3,8,3,-7.0,5.924,3
Vina,B,random,4,8,3,-6.9,4.462,3
Vina,B,random,5,8,3,-6.9,4.687,3
Vina,B,random,6,8,3,-6.8,4.331,3
Vina,B,random,7,8,3,-6.7,4.753,3
Vina,B,random,8,8,3,-6.7,4.974,3
Vina,B,random,9,8,3,-6.7,4.571,3
Vina,B,random,10,8,3,-6.6,3.076,3
Vina,B,random,11,8,3,-6.6,5.805,3
Vina,B,random,12,8,3,-6.6,3.927,3
Vina,B,random,13,8,3,-6.5,3.695,3
Vina,B,random,14,8,3,-6.5,5.370,3
Vina,B,random,15,8,3,-6.5,4.498,3
Vina,B,random,16,8,3,-6.5,3.883,3
Vina,B,random,17,8,3,-6.4,4.737,3
Vina,B,random,18,8,3,-6.4,4.094,3
Vina,B,random,19,8,3,-6.2,4.763,3
Vina,B,random,20,8,3,-6.2,4.899,3
QVina,A,crystal,1,24,1,-6.9,5.315,1
QVina,A,crystal,2,24,1,-6.6,4.681,1
QVina,A,crystal,3,24,1,-6.6,5.560,1
QVina,A,crystal,4,24,1,-6.5,5.909,1
QVina,A,crystal,5,24,1,-6.5,5.677,1
QVina,A,crystal,6,24,1,-6.5,5.022,1
QVina,A,crystal,7,24,1,-6.4,4.327,1
QVina,A,crystal,8,24,1,-6.4,5.989,1
QVina,A,crystal,9,24,1,-6.3,4.775,1
QVina,A,crystal,10,24,1,-6.2,5.215,1
QVina,A,crystal,11,24,1,-6.2,4.341,1
QVina,A,crystal,12,24,1,-6.2,5.007,1
QVina,A,crystal,13,24,1,-6.2,5.022,1
QVina,A,crystal,14,24,1,-6.1,5.053,1
QVina,A,crystal,15,24,1,-6.1,3.035,1
QVina,A,crystal,16,24,1,-6.1,4.601,1
QVina,A,crystal,17,24,1,-6.1,5.587,1
QVina,A,crystal,18,24,1,-6.1,4.992,1
QVina,A,crystal,19,24,1,-6.1,5.811,1
QVina,A,crystal,20,24,1,-6.1,5.381,1
QVina,A,crystal,1,24,1,-6.8,6.135,2
QVina,A,crystal,2,24,1,-6.8,5.165,2
QVina,A,crystal,3,24,1,-6.1,4.482,2
QVina,A,crystal,4,24,1,-6.1,5.654,2
QVina,A,crystal,5,24,1,-6.0,3.759,2
QVina,A,crystal,6,24,1,-6.0,4.949,2
QVina,A,crystal,7,24,1,-5.9,5.913,2
QVina,A,crystal,8,24,1,-5.9,4.523,2
QVina,A,crystal,9,24,1,-5.9,5.406,2
QVina,A,crystal,10,24,1,-5.8,4.838,2
QVina,A,crystal,1,24,1,-7.1,6.164,3
QVina,A,crystal,2,24,1,-7.0,5.194,3
QVina,A,crystal,3,24,1,-6.9,4.729,3
QVina,A,crystal,4,24,1,-6.6,5.750,3
QVina,A,crystal,5,24,1,-6.5,5.933,3
QVina,A,crystal,6,24,1,-6.5,4.563,3
QVina,A,crystal,7,24,1,-6.5,4.790,3
QVina,A,crystal,8,24,1,-6.4,6.004,3
QVina,A,crystal,9,24,1,-6.4,5.447,3
QVina,A,crystal,10,24,1,-6.4,4.764,3
QVina,A,crystal,11,24,1,-6.3,4.521,3
QVina,A,crystal,12,24,1,-6.3,4.446,3
QVina,A,crystal,13,24,1,-6.3,5.603,3
QVina,A,crystal,14,24,1,-6.2,4.663,3
QVina,A,crystal,15,24,1,-6.2,4.903,3
QVina,A,crystal,16,24,1,-6.2,5.199,3
QVina,A,crystal,17,24,1,-6.2,6.020,3
QVina,A,crystal,18,24,1,-6.2,3.851,3
QVina,A,crystal,19,24,1,-6.2,6.737,3
QVina,A,crystal,20,24,1,-6.2,5.465,3
QVina,A,crystal,1,24,3,-7.4,4.942,1
QVina,A,crystal,2,24,3,-7.0,4.400,1
QVina,A,crystal,3,24,3,-7.0,4.979,1
QVina,A,crystal,4,24,3,-6.9,3.813,1
QVina,A,crystal,5,24,3,-6.8,5.783,1
QVina,A,crystal,6,24,3,-6.8,5.696,1
QVina,A,crystal,7,24,3,-6.8,4.759,1
QVina,A,crystal,8,24,3,-6.7,5.594,1
QVina,A,crystal,9,24,3,-6.6,6.673,1
QVina,A,crystal,10,24,3,-6.6,4.591,1
QVina,A,crystal,11,24,3,-6.6,5.866,1
QVina,A,crystal,12,24,3,-6.6,5.297,1
QVina,A,crystal,13,24,3,-6.6,5.067,1
QVina,A,crystal,14,24,3,-6.6,5.611,1
QVina,A,crystal,15,24,3,-6.6,5.561,1
QVina,A,crystal,16,24,3,-6.5,4.914,1
QVina,A,crystal,17,24,3,-6.5,6.770,1
QVina,A,crystal,18,24,3,-6.5,4.933,1
QVina,A,crystal,19,24,3,-6.5,5.884,1
QVina,A,crystal,20,24,3,-6.5,5.751,1
QVina,A,crystal,1,24,3,-7.2,5.090,2
QVina,A,crystal,2,24,3,-6.8,6.569,2
QVina,A,crystal,3,24,3,-6.7,5.435,2
QVina,A,crystal,4,24,3,-6.6,5.310,2
QVina,A,crystal,5,24,3,-6.6,5.234,2
QVina,A,crystal,6,24,3,-6.5,4.713,2
QVina,A,crystal,7,24,3,-6.5,5.611,2
QVina,A,crystal,8,24,3,-6.5,5.701,2
QVina,A,crystal,9,24,3,-6.5,4.032,2
QVina,A,crystal,10,24,3,-6.4,4.907,2
QVina,A,crystal,11,24,3,-6.4,4.153,2
QVina,A,crystal,12,24,3,-6.4,4.662,2
QVina,A,crystal,13,24,3,-6.3,4.673,2
QVina,A,crystal,14,24,3,-6.3,6.125,2
QVina,A,crystal,15,24,3,-6.3,5.138,2
QVina,A,crystal,16,24,3,-6.3,5.497,2
QVina,A,crystal,17,24,3,-6.3,5.123,2
QVina,A,crystal,18,24,3,-6.2,5.273,2
QVina,A,crystal,19,24,3,-6.2,4.856,2
QVina,A,crystal,20,24,3,-6.2,6.107,2
QVina,A,crystal,1,24,3,-7.2,4.651,3
QVina,A,crystal,2,24,3,-7.0,5.504,3
QVina,A,crystal,3,24,3,-7.0,5.159,3
QVina,A,crystal,4,24,3,-6.9,5.627,3
QVina,A,crystal,5,24,3,-6.9,4.620,3
QVina,A,crystal,6,24,3,-6.9,5.811,3
QVina,A,crystal,7,24,3,-6.9,4.765,3
QVina,A,crystal,8,24,3,-6.9,5.666,3
QVina,A,crystal,9,24,3,-6.8,5.023,3
QVina,A,crystal,10,24,3,-6.7,4.467,3
QVina,A,crystal,11,24,3,-6.6,5.626,3
QVina,A,crystal,12,24,3,-6.6,5.262,3
QVina,A,crystal,13,24,3,-6.6,5.999,3
QVina,A,crystal,14,24,3,-6.6,5.299,3
QVina,A,crystal,15,24,3,-6.6,4.538,3
QVina,A,crystal,16,24,3,-6.5,5.893,3
QVina,A,crystal,17,24,3,-6.5,4.761,3
QVina,A,crystal,18,24,3,-6.5,5.903,3
QVina,A,crystal,19,24,3,-6.4,3.930,3
QVina,A,crystal,20,24,3,-6.4,5.975,3
QVina,A,crystal,1,32,1,-7.4,6.797,1
QVina,A,crystal,2,32,1,-7.4,6.355,1
QVina,A,crystal,3,32,1,-6.8,4.226,1
QVina,A,crystal,4,32,1,-6.7,5.207,1
QVina,A,crystal,5,32,1,-6.7,3.788,1
QVina,A,crystal,6,32,1,-6.6,5.109,1
QVina,A,crystal,7,32,1,-6.6,5.853,1
QVina,A,crystal,8,32,1,-6.6,5.702,1
QVina,A,crystal,9,32,1,-6.5,5.193,1
QVina,A,crystal,10,32,1,-6.5,5.002,1
QVina,A,crystal,11,32,1,-6.5,4.820,1
QVina,A,crystal,12,32,1,-6.5,5.917,1
QVina,A,crystal,13,32,1,-6.5,4.965,1
QVina,A,crystal,14,32,1,-6.4,6.250,1
QVina,A,crystal,1,32,1,-7.2,5.281,2
QVina,A,crystal,2,32,1,-7.0,5.553,2
QVina,A,crystal,3,32,1,-6.8,5.059,2
QVina,A,crystal,4,32,1,-6.7,5.723,2
QVina,A,crystal,5,32,1,-6.7,5.565,2
QVina,A,crystal,6,32,1,-6.7,5.738,2
QVina,A,crystal,7,32,1,-6.6,5.572,2
QVina,A,crystal,8,32,1,-6.6,5.638,2
QVina,A,crystal,9,32,1,-6.5,5.249,2
QVina,A,crystal,10,32,1,-6.5,4.722,2
QVina,A,crystal,11,32,1,-6.5,5.587,2
QVina,A,crystal,12,32,1,-6.4,5.696,2
QVina,A,crystal,13,32,1,-6.4,4.331,2
QVina,A,crystal,14,32,1,-6.4,5.801,2
QVina,A,crystal,15,32,1,-6.4,3.802,2
QVina,A,crystal,16,32,1,-6.4,5.086,2
QVina,A,crystal,17,32,1,-6.4,4.955,2
QVina,A,crystal,18,32,1,-6.4,4.409,2
QVina,A,crystal,19,32,1,-6.4,4.689,2
QVina,A,crystal,20,32,1,-6.3,6.227,2
QVina,A,crystal,1,32,1,-7.1,4.856,3
QVina,A,crystal,2,32,1,-6.9,5.653,3
QVina,A,crystal,3,32,1,-6.8,6.458,3
QVina,A,crystal,4,32,1,-6.8,4.576,3
QVina,A,crystal,5,32,1,-6.8,4.085,3
QVina,A,crystal,6,32,1,-6.8,5.091,3
QVina,A,crystal,7,32,1,-6.7,4.633,3
QVina,A,crystal,8,32,1,-6.6,4.729,3
QVina,A,crystal,9,32,1,-6.6,4.719,3
QVina,A,crystal,10,32,1,-6.5,4.607,3
QVina,A,crystal,11,32,1,-6.5,5.274,3
QVina,A,crystal,12,32,1,-6.5,5.291,3
QVina,A,crystal,13,32,1,-6.5,5.903,3
QVina,A,crystal,14,32,1,-6.5,5.560,3
QVina,A,crystal,15,32,1,-6.5,5.696,3
QVina,A,crystal,16,32,1,-6.4,5.578,3
QVina,A,crystal,17,32,1,-6.4,6.392,3
QVina,A,crystal,18,32,1,-6.4,5.789,3
QVina,A,crystal,19,32,1,-6.4,5.247,3
QVina,A,crystal,20,32,1,-6.2,3.790,3
QVina,A,crystal,1,32,3,-7.1,6.123,1
QVina,A,crystal,2,32,3,-6.8,2.643,1
QVina,A,crystal,3,32,3,-6.7,5.561,1
QVina,A,crystal,4,32,3,-6.5,2.646,1
QVina,A,crystal,5,32,3,-6.5,1.553,1
QVina,A,crystal,6,32,3,-6.4,6.411,1
QVina,A,crystal,7,32,3,-6.4,5.189,1
QVina,A,crystal,8,32,3,-6.4,4.757,1
QVina,A,crystal,9,32,3,-6.3,4.710,1
QVina,A,crystal,10,32,3,-6.3,5.157,1
QVina,A,crystal,11,32,3,-6.3,5.645,1
QVina,A,crystal,12,32,3,-6.3,4.388,1
QVina,A,crystal,13,32,3,-6.2,4.466,1
QVina,A,crystal,14,32,3,-6.2,5.692,1
QVina,A,crystal,15,32,3,-6.2,5.052,1
QVina,A,crystal,16,32,3,-6.2,5.837,1
QVina,A,crystal,17,32,3,-6.1,5.054,1
QVina,A,crystal,18,32,3,-6.1,4.039,1
QVina,A,crystal,19,32,3,-6.1,4.455,1
QVina,A,crystal,20,32,3,-6.1,5.730,1
QVina,A,crystal,1,32,3,-7.0,6.783,2
QVina,A,crystal,2,32,3,-6.8,4.895,2
QVina,A,crystal,3,32,3,-6.8,4.939,2
QVina,A,crystal,4,32,3,-6.7,5.973,2
QVina,A,crystal,5,32,3,-6.6,6.169,2
QVina,A,crystal,6,32,3,-6.6,4.630,2
QVina,A,crystal,7,32,3,-6.6,5.694,2
QVina,A,crystal,8,32,3,-6.5,3.664,2
QVina,A,crystal,9,32,3,-6.5,4.392,2
QVina,A,crystal,10,32,3,-6.4,5.155,2
QVina,A,crystal,11,32,3,-6.4,5.879,2
QVina,A,crystal,12,32,3,-6.4,4.725,2
QVina,A,crystal,13,32,3,-6.3,5.742,2
QVina,A,crystal,14,32,3,-6.3,5.227,2
QVina,A,crystal,15,32,3,-6.3,5.409,2
QVina,A,crystal,16,32,3,-6.3,4.745,2
QVina,A,crystal,17,32,3,-6.2,5.724,2
QVina,A,crystal,18,32,3,-6.2,4.950,2
QVina,A,crystal,19,32,3,-6.2,5.167,2
QVina,A,crystal,20,32,3,-6.2,4.735,2
QVina,A,crystal,1,32,3,-7.3,6.698,3
QVina,A,crystal,2,32,3,-7.0,5.185,3
QVina,A,crystal,3,32,3,-6.8,4.841,3
QVina,A,crystal,4,32,3,-6.8,4.967,3
QVina,A,crystal,5,32,3,-6.7,5.231,3
QVina,A,crystal,6,32,3,-6.5,4.716,3
QVina,A,crystal,7,32,3,-6.5,3.760,3
QVina,A,crystal,8,32,3,-6.4,4.642,3
QVina,A,crystal,9,32,3,-6.4,6.337,3
QVina,A,crystal,10,32,3,-6.4,4.773,3
QVina,A,crystal,11,32,3,-6.4,4.552,3
QVina,A,crystal,12,32,3,-6.3,6.045,3
QVina,A,crystal,13,32,3,-6.3,5.598,3
QVina,A,crystal,14,32,3,-6.2,6.430,3
QVina,A,crystal,15,32,3,-6.2,4.829,3
QVina,A,crystal,16,32,3,-6.1,4.952,3
QVina,A,crystal,17,32,3,-6.1,5.305,3
QVina,A,crystal,18,32,3,-6.0,4.533,3
QVina,A,crystal,19,32,3,-6.0,5.861,3
QVina,A,crystal,20,32,3,-6.0,5.113,3
QVina,A,crystal,1,8,1,-6.8,4.754,1
QVina,A,crystal,2,8,1,-6.5,5.484,1
QVina,A,crystal,3,8,1,-6.5,5.815,1
QVina,A,crystal,4,8,1,-6.4,6.259,1
QVina,A,crystal,5,8,1,-6.3,3.726,1
QVina,A,crystal,6,8,1,-6.2,5.688,1
QVina,A,crystal,7,8,1,-6.2,6.137,1
QVina,A,crystal,8,8,1,-6.2,5.167,1
QVina,A,crystal,9,8,1,-6.1,5.852,1
QVina,A,crystal,10,8,1,-6.1,6.892,1
QVina,A,crystal,11,8,1,-6.1,4.594,1
QVina,A,crystal,12,8,1,-6.0,5.806,1
QVina,A,crystal,13,8,1,-6.0,6.253,1
QVina,A,crystal,14,8,1,-6.0,5.611,1
QVina,A,crystal,15,8,1,-6.0,4.726,1
QVina,A,crystal,16,8,1,-5.9,5.029,1
QVina,A,crystal,17,8,1,-5.9,5.368,1
QVina,A,crystal,18,8,1,-5.8,6.314,1
QVina,A,crystal,19,8,1,-5.8,4.300,1
QVina,A,crystal,20,8,1,-5.8,4.534,1
QVina,A,crystal,1,8,1,-7.1,6.741,2
QVina,A,crystal,2,8,1,-6.5,4.329,2
QVina,A,crystal,3,8,1,-6.4,5.490,2
QVina,A,crystal,4,8,1,-6.4,4.767,2
QVina,A,crystal,5,8,1,-6.3,6.160,2
QVina,A,crystal,6,8,1,-6.2,6.278,2
QVina,A,crystal,7,8,1,-6.1,4.068,2
QVina,A,crystal,8,8,1,-6.1,5.852,2
QVina,A,crystal,9,8,1,-6.1,4.516,2
QVina,A,crystal,1,8,1,-6.8,4.655,3
QVina,A,crystal,2,8,1,-6.8,4.676,3
QVina,A,crystal,3,8,1,-6.7,5.520,3
QVina,A,crystal,4,8,1,-6.6,6.472,3
QVina,A,crystal,5,8,1,-6.6,5.848,3
QVina,A,crystal,6,8,1,-6.5,4.668,3
QVina,A,crystal,7,8,1,-6.5,5.065,3
QVina,A,crystal,8,8,1,-6.5,6.438,3
QVina,A,crystal,9,8,1,-6.4,5.014,3
QVina,A,crystal,10,8,1,-6.3,5.290,3
QVina,A,crystal,11,8,1,-6.3,3.871,3
QVina,A,crystal,12,8,1,-6.2,5.199,3
QVina,A,crystal,13,8,1,-6.2,4.937,3
QVina,A,crystal,14,8,1,-6.1,4.789,3
QVina,A,crystal,15,8,1,-6.0,5.714,3
QVina,A,crystal,16,8,1,-5.9,4.917,3
QVina,A,crystal,17,8,1,-5.9,4.919,3
QVina,A,crystal,18,8,1,-5.8,5.757,3
QVina,A,crystal,1,8,3,-6.7,4.768,1
QVina,A,crystal,2,8,3,-6.3,5.077,1
QVina,A,crystal,3,8,3,-6.3,4.845,1
QVina,A,crystal,4,8,3,-6.3,6.014,1
QVina,A,crystal,5,8,3,-6.3,4.326,1
QVina,A,crystal,6,8,3,-6.2,4.962,1
QVina,A,crystal,7,8,3,-6.2,4.643,1
QVina,A,crystal,8,8,3,-6.2,5.276,1
QVina,A,crystal,9,8,3,-6.0,6.719,1
QVina,A,crystal,10,8,3,-6.0,5.433,1
QVina,A,crystal,11,8,3,-6.0,4.531,1
QVina,A,crystal,12,8,3,-6.0,6.667,1
QVina,A,crystal,13,8,3,-5.9,4.496,1
QVina,A,crystal,14,8,3,-5.8,5.744,1
QVina,A,crystal,15,8,3,-5.8,4.966,1
QVina,A,crystal,16,8,3,-5.8,5.248,1
QVina,A,crystal,17,8,3,-5.7,5.714,1
QVina,A,crystal,18,8,3,-5.7,5.297,1
QVina,A,crystal,19,8,3,-5.6,4.544,1
QVina,A,crystal,20,8,3,-5.5,5.149,1
QVina,A,crystal,1,8,3,-6.9,5.331,2
QVina,A,crystal,2,8,3,-6.8,4.647,2
QVina,A,crystal,3,8,3,-6.8,5.161,2
QVina,A,crystal,4,8,3,-6.7,3.993,2
QVina,A,crystal,5,8,3,-6.6,4.874,2
QVina,A,crystal,6,8,3,-6.4,5.565,2
QVina,A,crystal,7,8,3,-6.3,5.044,2
QVina,A,crystal,8,8,3,-6.2,4.406,2
QVina,A,crystal,9,8,3,-6.2,4.604,2
QVina,A,crystal,10,8,3,-6.2,5.583,2
QVina,A,crystal,11,8,3,-6.2,4.833,2
QVina,A,crystal,12,8,3,-6.1,5.097,2
QVina,A,crystal,13,8,3,-6.1,5.907,2
QVina,A,crystal,14,8,3,-6.1,4.314,2
QVina,A,crystal,15,8,3,-6.1,4.536,2
QVina,A,crystal,16,8,3,-6.1,5.008,2
QVina,A,crystal,17,8,3,-6.0,5.090,2
QVina,A,crystal,18,8,3,-6.0,5.664,2
QVina,A,crystal,19,8,3,-5.9,4.500,2
QVina,A,crystal,20,8,3,-5.9,5.146,2
QVina,A,crystal,1,8,3,-7.0,5.376,3
QVina,A,crystal,2,8,3,-6.9,5.326,3
QVina,A,crystal,3,8,3,-6.9,3.906,3
QVina,A,crystal,4,8,3,-6.8,5.455,3
QVina,A,crystal,5,8,3,-6.8,4.728,3
QVina,A,crystal,6,8,3,-6.8,5.287,3
QVina,A,crystal,7,8,3,-6.7,6.418,3
QVina,A,crystal,8,8,3,-6.6,5.640,3
QVina,A,crystal,9,8,3,-6.6,5.044,3
QVina,A,crystal,10,8,3,-6.6,4.925,3
QVina,A,crystal,11,8,3,-6.5,5.671,3
QVina,A,crystal,12,8,3,-6.5,5.795,3
QVina,A,crystal,13,8,3,-6.5,4.597,3
QVina,A,crystal,14,8,3,-6.4,5.035,3
QVina,A,crystal,15,8,3,-6.4,5.394,3
QVina,A,crystal,16,8,3,-6.3,5.091,3
QVina,A,crystal,17,8,3,-6.3,4.703,3
QVina,A,crystal,18,8,3,-6.3,4.486,3
QVina,A,crystal,19,8,3,-6.3,5.889,3
QVina,A,crystal,20,8,3,-6.2,4.686,3
QVina,A,random,1,24,1,-7.7,3.570,1
QVina,A,random,2,24,1,-7.7,6.420,1
QVina,A,random,3,24,1,-7.5,5.318,1
QVina,A,random,4,24,1,-7.4,5.261,1
QVina,A,random,5,24,1,-7.4,5.320,1
QVina,A,random,6,24,1,-7.4,6.489,1
QVina,A,random,7,24,1,-7.3,5.145,1
QVina,A,random,8,24,1,-7.3,5.887,1
QVina,A,random,9,24,1,-7.2,5.896,1
QVina,A,random,10,24,1,-7.1,5.080,1
QVina,A,random,11,24,1,-7.1,5.075,1
QVina,A,random,12,24,1,-7.1,4.432,1
QVina,A,random,13,24,1,-7.1,5.801,1
QVina,A,random,14,24,1,-7.1,5.938,1
QVina,A,random,15,24,1,-7.1,4.823,1
QVina,A,random,16,24,1,-7.1,5.409,1
QVina,A,random,17,24,1,-7.0,4.795,1
QVina,A,random,18,24,1,-7.0,4.426,1
QVina,A,random,19,24,1,-7.0,6.430,1
QVina,A,random,20,24,1,-7.0,6.105,1
QVina,A,random,1,24,1,-7.1,6.699,2
QVina,A,random,2,24,1,-6.8,4.966,2
QVina,A,random,3,24,1,-6.7,5.250,2
QVina,A,random,4,24,1,-6.7,5.050,2
QVina,A,random,5,24,1,-6.5,3.957,2
QVina,A,random,6,24,1,-6.5,4.450,2
QVina,A,random,7,24,1,-6.5,4.444,2
QVina,A,random,8,24,1,-6.4,4.124,2
QVina,A,random,9,24,1,-6.3,5.325,2
QVina,A,random,10,24,1,-6.3,4.972,2
QVina,A,random,11,24,1,-6.3,4.461,2
QVina,A,random,12,24,1,-6.2,5.370,2
QVina,A,random,13,24,1,-6.2,5.649,2
QVina,A,random,14,24,1,-6.2,6.061,2
QVina,A,random,15,24,1,-6.2,4.813,2
QVina,A,random,16,24,1,-6.1,4.251,2
QVina,A,random,1,24,1,-7.0,6.776,3
QVina,A,random,2,24,1,-6.7,4.941,3
QVina,A,random,3,24,1,-6.6,6.222,3
QVina,A,random,4,24,1,-6.5,2.422,3
QVina,A,random,5,24,1,-6.4,4.886,3
QVina,A,random,6,24,1,-6.4,4.360,3
QVina,A,random,7,24,1,-6.4,6.115,3
QVina,A,random,8,24,1,-6.4,5.680,3
QVina,A,random,9,24,1,-6.2,6.633,3
QVina,A,random,10,24,1,-6.2,4.814,3
QVina,A,random,11,24,1,-6.1,4.607,3
QVina,A,random,12,24,1,-6.1,4.107,3
QVina,A,random,1,24,3,-7.0,5.227,1
QVina,A,random,2,24,3,-7.0,4.924,1
QVina,A,random,3,24,3,-6.7,4.469,1
QVina,A,random,4,24,3,-6.6,6.002,1
QVina,A,random,5,24,3,-6.6,3.756,1
QVina,A,random,6,24,3,-6.6,4.364,1
QVina,A,random,7,24,3,-6.6,6.019,1
QVina,A,random,8,24,3,-6.6,5.258,1
QVina,A,random,9,24,3,-6.5,4.588,1
QVina,A,random,10,24,3,-6.5,6.289,1
QVina,A,random,11,24,3,-6.5,5.067,1
QVina,A,random,12,24,3,-6.4,4.601,1
QVina,A,random,13,24,3,-6.4,6.173,1
QVina,A,random,14,24,3,-6.4,5.473,1
QVina,A,random,15,24,3,-6.4,5.953,1
QVina,A,random,16,24,3,-6.4,4.282,1
QVina,A,random,17,24,3,-6.4,5.685,1
QVina,A,random,18,24,3,-6.3,5.717,1
QVina,A,random,19,24,3,-6.3,4.460,1
QVina,A,random,20,24,3,-6.3,4.607,1
QVina,A,random,1,24,3,-6.5,5.504,2
QVina,A,random,2,24,3,-6.2,5.678,2
QVina,A,random,3,24,3,-6.2,4.656,2
QVina,A,random,4,24,3,-6.2,5.013,2
QVina,A,random,5,24,3,-6.1,6.139,2
QVina,A,random,6,24,3,-6.1,4.875,2
QVina,A,random,7,24,3,-6.0,4.882,2
QVina,A,random,8,24,3,-6.0,6.242,2
QVina,A,random,9,24,3,-5.9,5.173,2
QVina,A,random,10,24,3,-5.9,5.172,2
QVina,A,random,11,24,3,-5.9,4.557,2
QVina,A,random,12,24,3,-5.9,4.882,2
QVina,A,random,13,24,3,-5.9,5.634,2
QVina,A,random,14,24,3,-5.8,5.182,2
QVina,A,random,15,24,3,-5.8,4.642,2
QVina,A,random,16,24,3,-5.8,4.924,2
QVina,A,random,17,24,3,-5.8,5.253,2
QVina,A,random,18,24,3,-5.7,5.815,2
QVina,A,random,19,24,3,-5.7,4.721,2
QVina,A,random,20,24,3,-5.7,5.012,2
QVina,A,random,1,24,3,-7.1,5.041,3
QVina,A,random,2,24,3,-6.9,6.786,3
QVina,A,random,3,24,3,-6.9,5.592,3
QVina,A,random,4,24,3,-6.8,6.552,3
QVina,A,random,5,24,3,-6.7,5.230,3
QVina,A,random,6,24,3,-6.7,4.597,3
QVina,A,random,7,24,3,-6.7,5.321,3
QVina,A,random,8,24,3,-6.6,5.627,3
QVina,A,random,9,24,3,-6.5,4.408,3
QVina,A,random,10,24,3,-6.4,4.246,3
QVina,A,random,11,24,3,-6.4,5.088,3
QVina,A,random,12,24,3,-6.4,5.747,3
QVina,A,random,13,24,3,-6.4,6.444,3
QVina,A,random,14,24,3,-6.4,6.483,3
QVina,A,random,15,24,3,-6.3,5.889,3
QVina,A,random,16,24,3,-6.3,5.619,3
QVina,A,random,17,24,3,-6.3,5.718,3
QVina,A,random,18,24,3,-6.3,5.746,3
QVina,A,random,19,24,3,-6.3,5.273,3
QVina,A,random,20,24,3,-6.3,4.953,3
QVina,A,random,1,32,1,-6.7,4.857,1
QVina,A,random,2,32,1,-6.7,4.944,1
QVina,A,random,3,32,1,-6.7,5.210,1
QVina,A,random,4,32,1,-6.6,5.588,1
QVina,A,random,5,32,1,-6.5,5.054,1
QVina,A,random,6,32,1,-6.5,4.752,1
QVina,A,random,7,32,1,-6.5,4.607,1
QVina,A,random,8,32,1,-6.5,4.735,1
QVina,A,random,9,32,1,-6.4,5.573,1
QVina,A,random,10,32,1,-6.3,6.657,1
QVina,A,random,11,32,1,-6.3,5.329,1
QVina,A,random,12,32,1,-6.3,5.613,1
QVina,A,random,13,32,1,-6.3,4.797,1
QVina,A,random,14,32,1,-6.3,5.011,1
QVina,A,random,15,32,1,-6.3,4.541,1
QVina,A,random,16,32,1,-6.3,4.816,1
QVina,A,random,17,32,1,-6.2,6.087,1
QVina,A,random,18,32,1,-6.2,5.759,1
QVina,A,random,19,32,1,-6.2,5.804,1
QVina,A,random,20,32,1,-6.1,4.520,1
QVina,A,random,1,32,1,-7.2,5.113,2
QVina,A,random,2,32,1,-7.0,5.947,2
QVina,A,random,3,32,1,-6.9,4.909,2
QVina,A,random,4,32,1,-6.9,4.768,2
QVina,A,random,5,32,1,-6.8,5.557,2
QVina,A,random,6,32,1,-6.7,5.242,2
QVina,A,random,7,32,1,-6.7,6.607,2
QVina,A,random,8,32,1,-6.6,6.326,2
QVina,A,random,9,32,1,-6.5,5.913,2
QVina,A,random,10,32,1,-6.5,5.300,2
QVina,A,random,11,32,1,-6.5,4.299,2
QVina,A,random,12,32,1,-6.5,6.984,2
QVina,A,random,13,32,1,-6.5,5.446,2
QVina,A,random,14,32,1,-6.5,5.025,2
QVina,A,random,15,32,1,-6.4,6.228,2
QVina,A,random,16,32,1,-6.4,6.764,2
QVina,A,random,17,32,1,-6.4,6.269,2
QVina,A,random,18,32,1,-6.4,5.015,2
QVina,A,random,19,32,1,-6.4,4.762,2
QVina,A,random,20,32,1,-6.4,4.201,2
QVina,A,random,1,32,1,-6.9,6.571,3
QVina,A,random,2,32,1,-6.8,5.380,3
QVina,A,random,3,32,1,-6.6,5.266,3
QVina,A,random,4,32,1,-6.6,4.955,3
QVina,A,random,5,32,1,-6.5,5.607,3
QVina,A,random,6,32,1,-6.4,6.358,3
QVina,A,random,7,32,1,-6.4,5.241,3
QVina,A,random,8,32,1,-6.3,4.913,3
QVina,A,random,9,32,1,-6.2,5.161,3
QVina,A,random,10,32,1,-6.2,5.802,3
QVina,A,random,11,32,1,-6.1,5.406,3
QVina,A,random,12,32,1,-6.1,3.810,3
QVina,A,random,13,32,1,-6.1,5.020,3
QVina,A,random,14,32,1,-6.1,4.812,3
QVina,A,random,15,32,1,-6.1,5.125,3
QVina,A,random,16,32,1,-6.1,4.870,3
QVina,A,random,17,32,1,-6.1,5.354,3
QVina,A,random,18,32,1,-6.0,6.049,3
QVina,A,random,19,32,1,-6.0,5.137,3
QVina,A,random,20,32,1,-6.0,4.948,3
QVina,A,random,1,32,3,-7.3,6.648,1
QVina,A,random,2,32,3,-6.7,2.043,1
QVina,A,random,3,32,3,-6.6,4.975,1
QVina,A,random,4,32,3,-6.6,5.444,1
QVina,A,random,5,32,3,-6.6,4.736,1
QVina,A,random,6,32,3,-6.6,5.768,1
QVina,A,random,7,32,3,-6.5,6.167,1
QVina,A,random,8,32,3,-6.5,5.192,1
QVina,A,random,9,32,3,-6.4,4.703,1
QVina,A,random,10,32,3,-6.4,5.588,1
QVina,A,random,11,32,3,-6.4,4.746,1
QVina,A,random,12,32,3,-6.3,5.117,1
QVina,A,random,13,32,3,-6.3,6.562,1
QVina,A,random,14,32,3,-6.3,5.309,1
QVina,A,random,15,32,3,-6.1,4.709,1
QVina,A,random,16,32,3,-6.1,5.894,1
QVina,A,random,17,32,3,-6.1,5.785,1
QVina,A,random,18,32,3,-6.1,4.814,1
QVina,A,random,19,32,3,-6.1,4.480,1
QVina,A,random,20,32,3,-6.0,4.995,1
QVina,A,random,1,32,3,-7.0,6.733,2
QVina,A,random,2,32,3,-6.8,5.735,2
QVina,A,random,3,32,3,-6.6,5.905,2
QVina,A,random,4,32,3,-6.6,4.763,2
QVina,A,random,5,32,3,-6.5,4.459,2
QVina,A,random,6,32,3,-6.5,4.433,2
QVina,A,random,7,32,3,-6.3,5.261,2
QVina,A,random,8,32,3,-6.3,5.501,2
QVina,A,random,9,32,3,-6.2,3.783,2
QVina,A,random,10,32,3,-6.2,5.029,2
QVina,A,random,11,32,3,-6.1,5.431,2
QVina,A,random,12,32,3,-6.1,6.291,2
QVina,A,random,13,32,3,-6.1,5.730,2
QVina,A,random,14,32,3,-6.1,4.636,2
QVina,A,random,15,32,3,-6.1,5.770,2
QVina,A,random,16,32,3,-6.0,5.803,2
QVina,A,random,17,32,3,-5.9,4.199,2
QVina,A,random,18,32,3,-5.9,5.579,2
QVina,A,random,19,32,3,-5.9,4.939,2
QVina,A,random,20,32,3,-5.9,5.030,2
QVina,A,random,1,32,3,-7.2,6.784,3
QVina,A,random,2,32,3,-7.2,5.817,3
QVina,A,random,3,32,3,-7.2,5.169,3
QVina,A,random,4,32,3,-7.0,4.912,3
QVina,A,random,5,32,3,-7.0,4.791,3
QVina,A,random,6,32,3,-7.0,4.722,3
QVina,A,random,7,32,3,-6.7,6.580,3
QVina,A,random,8,32,3,-6.6,4.654,3
QVina,A,random,9,32,3,-6.6,5.264,3
QVina,A,random,10,32,3,-6.6,4.508,3
QVina,A,random,11,32,3,-6.6,5.692,3
QVina,A,random,12,32,3,-6.5,4.057,3
QVina,A,random,13,32,3,-6.5,5.742,3
QVina,A,random,14,32,3,-6.5,4.855,3
QVina,A,random,15,32,3,-6.5,5.483,3
QVina,A,random,16,32,3,-6.4,4.476,3
QVina,A,random,17,32,3,-6.4,5.304,3
QVina,A,random,18,32,3,-6.4,5.735,3
QVina,A,random,19,32,3,-6.4,5.261,3
QVina,A,random,20,32,3,-6.4,5.080,3
QVina,A,random,1,8,1,-7.1,6.699,1
QVina,A,random,2,8,1,-7.0,5.261,1
QVina,A,random,3,8,1,-6.8,5.803,1
QVina,A,random,4,8,1,-6.7,5.182,1
QVina,A,random,5,8,1,-6.5,4.791,1
QVina,A,random,6,8,1,-6.3,5.984,1
QVina,A,random,7,8,1,-6.3,5.057,1
QVina,A,random,8,8,1,-6.2,4.680,1
QVina,A,random,1,8,1,-7.0,5.865,2
QVina,A,random,2,8,1,-6.9,5.184,2
QVina,A,random,3,8,1,-6.8,5.345,2
QVina,A,random,4,8,1,-6.8,5.090,2
QVina,A,random,5,8,1,-6.8,4.714,2
QVina,A,random,6,8,1,-6.7,4.698,2
QVina,A,random,7,8,1,-6.6,5.719,2
QVina,A,random,8,8,1,-6.5,5.752,2
QVina,A,random,9,8,1,-6.3,5.581,2
QVina,A,random,10,8,1,-6.3,5.176,2
QVina,A,random,11,8,1,-6.3,4.723,2
QVina,A,random,12,8,1,-6.3,4.376,2
QVina,A,random,13,8,1,-6.2,4.763,2
QVina,A,random,14,8,1,-6.2,5.998,2
QVina,A,random,15,8,1,-6.2,5.067,2
QVina,A,random,16,8,1,-6.2,6.513,2
QVina,A,random,17,8,1,-6.2,4.898,2
QVina,A,random,18,8,1,-6.1,4.830,2
QVina,A,random,19,8,1,-6.1,4.534,2
QVina,A,random,20,8,1,-6.1,5.640,2
QVina,A,random,1,8,1,-7.2,5.686,3
QVina,A,random,2,8,1,-6.9,5.803,3
QVina,A,random,3,8,1,-6.8,4.744,3
QVina,A,random,4,8,1,-6.8,5.198,3
QVina,A,random,5,8,1,-6.8,5.158,3
QVina,A,random,6,8,1,-6.8,4.784,3
QVina,A,random,7,8,1,-6.8,5.732,3
QVina,A,random,8,8,1,-6.8,5.266,3
QVina,A,random,9,8,1,-6.6,5.168,3
QVina,A,random,10,8,1,-6.5,5.343,3
QVina,A,random,11,8,1,-6.5,5.532,3
QVina,A,random,12,8,1,-6.5,4.757,3
QVina,A,random,13,8,1,-6.5,5.672,3
QVina,A,random,14,8,1,-6.5,5.205,3
QVina,A,random,15,8,1,-6.4,4.182,3
QVina,A,random,16,8,1,-6.4,4.925,3
QVina,A,random,17,8,1,-6.4,3.900,3
QVina,A,random,18,8,1,-6.3,5.651,3
QVina,A,random,19,8,1,-6.2,5.643,3
QVina,A,random,20,8,1,-6.2,6.055,3
QVina,A,random,1,8,3,-6.6,3.808,1
QVina,A,random,2,8,3,-6.4,4.761,1
QVina,A,random,3,8,3,-6.4,4.615,1
QVina,A,random,4,8,3,-6.2,4.622,1
QVina,A,random,5,8,3,-6.2,5.480,1
QVina,A,random,6,8,3,-6.1,4.995,1
QVina,A,random,7,8,3,-6.1,6.233,1
QVina,A,random,8,8,3,-6.1,4.681,1
QVina,A,random,9,8,3,-6.1,5.180,1
QVina,A,random,10,8,3,-6.1,3.922,1
QVina,A,random,11,8,3,-6.1,3.464,1
QVina,A,random,12,8,3,-6.0,4.522,1
QVina,A,random,13,8,3,-5.9,5.081,1
QVina,A,random,14,8,3,-5.9,4.611,1
QVina,A,random,15,8,3,-5.8,5.330,1
QVina,A,random,16,8,3,-5.7,5.427,1
QVina,A,random,17,8,3,-5.6,4.942,1
QVina,A,random,18,8,3,-5.6,4.978,1
QVina,A,random,19,8,3,-5.5,6.154,1
QVina,A,random,20,8,3,-5.4,4.908,1
QVina,A,random,1,8,3,-6.9,5.834,2
QVina,A,random,2,8,3,-6.9,6.176,2
QVina,A,random,3,8,3,-6.8,5.047,2
QVina,A,random,4,8,3,-6.8,4.723,2
QVina,A,random,5,8,3,-6.8,5.207,2
QVina,A,random,6,8,3,-6.7,5.103,2
QVina,A,random,7,8,3,-6.7,4.903,2
QVina,A,random,8,8,3,-6.6,5.132,2
QVina,A,random,9,8,3,-6.5,6.100,2
QVina,A,random,10,8,3,-6.5,5.332,2
QVina,A,random,11,8,3,-6.5,4.968,2
QVina,A,random,12,8,3,-6.4,5.066,2
QVina,A,random,13,8,3,-6.4,4.811,2
QVina,A,random,14,8,3,-6.3,4.500,2
QVina,A,random,15,8,3,-6.3,6.236,2
QVina,A,random,16,8,3,-6.2,5.071,2
QVina,A,random,17,8,3,-6.2,4.676,2
QVina,A,random,18,8,3,-6.1,4.762,2
QVina,A,random,19,8,3,-6.1,6.488,2
QVina,A,random,20,8,3,-6.0,6.460,2
QVina,A,random,1,8,3,-6.8,5.325,3
QVina,A,random,2,8,3,-6.7,5.908,3
QVina,A,random,3,8,3,-6.5,5.682,3
QVina,A,random,4,8,3,-6.4,5.038,3
QVina,A,random,5,8,3,-6.4,5.882,3
QVina,A,random,6,8,3,-6.4,5.090,3
QVina,A,random,7,8,3,-6.3,4.130,3
QVina,A,random,8,8,3,-6.3,5.116,3
QVina,A,random,9,8,3,-6.0,4.853,3
QVina,A,random,10,8,3,-6.0,3.985,3
QVina,A,random,11,8,3,-5.9,5.686,3
QVina,A,random,12,8,3,-5.9,5.183,3
QVina,A,random,13,8,3,-5.9,4.911,3
QVina,A,random,14,8,3,-5.8,4.734,3
QVina,A,random,15,8,3,-5.8,5.098,3
QVina,A,random,16,8,3,-5.8,4.235,3
QVina,A,random,17,8,3,-5.7,4.781,3
QVina,A,random,18,8,3,-5.7,6.549,3
QVina,A,random,19,8,3,-5.6,5.097,3
QVina,A,random,20,8,3,-5.6,4.969,3
QVina,B,crystal,1,24,1,-6.7,5.301,1
QVina,B,crystal,2,24,1,-6.5,4.380,1
QVina,B,crystal,3,24,1,-6.4,4.818,1
QVina,B,crystal,4,24,1,-6.4,4.912,1
QVina,B,crystal,5,24,1,-6.3,5.322,1
QVina,B,crystal,6,24,1,-6.3,5.719,1
QVina,B,crystal,7,24,1,-6.3,4.591,1
QVina,B,crystal,8,24,1,-6.3,4.504,1
QVina,B,crystal,9,24,1,-6.2,4.286,1
QVina,B,crystal,10,24,1,-6.2,4.571,1
QVina,B,crystal,11,24,1,-6.1,5.329,1
QVina,B,crystal,12,24,1,-6.1,3.948,1
QVina,B,crystal,13,24,1,-6.1,5.377,1
QVina,B,crystal,14,24,1,-6.0,3.210,1
QVina,B,crystal,15,24,1,-6.0,5.337,1
QVina,B,crystal,16,24,1,-6.0,3.984,1
QVina,B,crystal,17,24,1,-6.0,5.082,1
QVina,B,crystal,18,24,1,-6.0,5.419,1
QVina,B,crystal,19,24,1,-5.9,5.526,1
QVina,B,crystal,20,24,1,-5.9,7.010,1
QVina,B,crystal,1,24,1,-7.2,5.091,2
QVina,B,crystal,2,24,1,-6.7,5.739,2
QVina,B,crystal,3,24,1,-6.7,5.647,2
QVina,B,crystal,4,24,1,-6.7,4.771,2
QVina,B,crystal,5,24,1,-6.6,4.762,2
QVina,B,crystal,6,24,1,-6.6,4.474,2
QVina,B,crystal,7,24,1,-6.5,5.874,2
QVina,B,crystal,8,24,1,-6.5,4.614,2
QVina,B,crystal,9,24,1,-6.4,3.604,2
QVina,B,crystal,10,24,1,-6.3,4.572,2
QVina,B,crystal,11,24,1,-6.3,5.311,2
QVina,B,crystal,12,24,1,-6.3,4.591,2
QVina,B,crystal,13,24,1,-6.3,5.603,2
QVina,B,crystal,1,24,1,-7.1,6.659,3
QVina,B,crystal,2,24,1,-6.7,5.004,3
QVina,B,crystal,3,24,1,-6.6,5.275,3
QVina,B,crystal,4,24,1,-6.5,3.719,3
QVina,B,crystal,5,24,1,-6.5,4.702,3
QVina,B,crystal,6,24,1,-6.4,4.590,3
QVina,B,crystal,7,24,1,-6.4,4.712,3
QVina,B,crystal,8,24,1,-6.4,5.439,3
QVina,B,crystal,9,24,1,-6.3,4.782,3
QVina,B,crystal,10,24,1,-6.3,5.219,3
QVina,B,crystal,11,24,1,-6.2,5.969,3
QVina,B,crystal,12,24,1,-6.2,5.208,3
QVina,B,crystal,13,24,1,-6.2,3.932,3
QVina,B,crystal,14,24,1,-6.2,5.699,3
QVina,B,crystal,15,24,1,-6.2,6.878,3
QVina,B,crystal,16,24,1,-6.2,4.798,3
QVina,B,crystal,17,24,1,-6.1,5.112,3
QVina,B,crystal,18,24,1,-6.1,5.207,3
QVina,B,crystal,1,24,3,-7.1,6.689,1
QVina,B,crystal,2,24,3,-6.7,6.608,1
QVina,B,crystal,3,24,3,-6.5,4.891,1
QVina,B,crystal,4,24,3,-6.5,4.839,1
QVina,B,crystal,5,24,3,-6.3,4.709,1
QVina,B,crystal,6,24,3,-6.3,4.304,1
QVina,B,crystal,7,24,3,-6.3,3.975,1
QVina,B,crystal,8,24,3,-6.3,6.426,1
QVina,B,crystal,9,24,3,-6.2,5.785,1
QVina,B,crystal,10,24,3,-6.2,4.418,1
QVina,B,crystal,11,24,3,-6.2,4.578,1
QVina,B,crystal,12,24,3,-6.1,4.603,1
QVina,B,crystal,13,24,3,-6.1,5.301,1
QVina,B,crystal,14,24,3,-6.0,5.484,1
QVina,B,crystal,15,24,3,-6.0,5.461,1
QVina,B,crystal,16,24,3,-6.0,4.227,1
QVina,B,crystal,17,24,3,-6.0,5.062,1
QVina,B,crystal,18,24,3,-6.0,5.643,1
QVina,B,crystal,19,24,3,-5.9,4.859,1
QVina,B,crystal,20,24,3,-5.9,5.945,1
QVina,B,crystal,1,24,3,-6.9,4.867,2
QVina,B,crystal,2,24,3,-6.8,4.798,2
QVina,B,crystal,3,24,3,-6.8,4.943,2
QVina,B,crystal,4,24,3,-6.8,4.600,2
QVina,B,crystal,5,24,3,-6.8,5.647,2
QVina,B,crystal,6,24,3,-6.7,5.291,2
QVina,B,crystal,7,24,3,-6.7,5.434,2
QVina,B,crystal,8,24,3,-6.6,4.538,2
QVina,B,crystal,9,24,3,-6.6,4.648,2
QVina,B,crystal,10,24,3,-6.6,5.770,2
QVina,B,crystal,11,24,3,-6.5,4.971,2
QVina,B,crystal,12,24,3,-6.5,4.776,2
QVina,B,crystal,13,24,3,-6.5,4.401,2
QVina,B,crystal,14,24,3,-6.5,5.683,2
QVina,B,crystal,15,24,3,-6.5,4.561,2
QVina,B,crystal,16,24,3,-6.4,4.624,2
QVina,B,crystal,17,24,3,-6.4,5.613,2
QVina,B,crystal,18,24,3,-6.4,5.424,2
QVina,B,crystal,19,24,3,-6.3,5.067,2
QVina,B,crystal,20,24,3,-6.3,3.906,2
QVina,B,crystal,1,24,3,-7.0,5.397,3
QVina,B,crystal,2,24,3,-6.9,5.379,3
QVina,B,crystal,3,24,3,-6.8,6.467,3
QVina,B,crystal,4,24,3,-6.8,5.916,3
QVina,B,crystal,5,24,3,-6.7,5.638,3
QVina,B,crystal,6,24,3,-6.6,4.677,3
QVina,B,crystal,7,24,3,-6.6,5.131,3
QVina,B,crystal,8,24,3,-6.6,3.835,3
QVina,B,crystal,9,24,3,-6.5,5.686,3
QVina,B,crystal,10,24,3,-6.5,5.694,3
QVina,B,crystal,11,24,3,-6.5,4.364,3
QVina,B,crystal,12,24,3,-6.5,3.798,3
QVina,B,crystal,13,24,3,-6.3,5.445,3
QVina,B,crystal,14,24,3,-6.3,5.164,3
QVina,B,crystal,15,24,3,-6.3,5.527,3
QVina,B,crystal,16,24,3,-6.3,5.761,3
QVina,B,crystal,17,24,3,-6.3,5.125,3
QVina,B,crystal,18,24,3,-6.3,5.996,3
QVina,B,crystal,19,24,3,-6.2,4.646,3
QVina,B,crystal,20,24,3,-6.2,5.181,3
QVina,B,crystal,1,32,1,-6.4,5.436,1
QVina,B,crystal,2,32,1,-6.3,5.175,1
QVina,B,crystal,3,32,1,-6.2,4.565,1
QVina,B,crystal,4,32,1,-6.2,3.774,1
QVina,B,crystal,5,32,1,-6.2,4.650,1
QVina,B,crystal,6,32,1,-6.2,4.728,1
QVina,B,crystal,7,32,1,-6.1,4.944,1
QVina,B,crystal,8,32,1,-6.0,6.727,1
QVina,B,crystal,9,32,1,-5.9,5.647,1
QVina,B,crystal,10,32,1,-5.9,4.541,1
QVina,B,crystal,11,32,1,-5.9,4.269,1
QVina,B,crystal,12,32,1,-5.9,4.691,1
QVina,B,crystal,13,32,1,-5.9,4.807,1
QVina,B,crystal,14,32,1,-5.9,4.630,1
QVina,B,crystal,15,32,1,-5.8,5.749,1
QVina,B,crystal,16,32,1,-5.8,6.403,1
QVina,B,crystal,17,32,1,-5.7,4.763,1
QVina,B,crystal,18,32,1,-5.7,3.639,1
QVina,B,crystal,19,32,1,-5.7,4.730,1
QVina,B,crystal,20,32,1,-5.7,5.646,1
QVina,B,crystal,1,32,1,-7.2,6.726,2
QVina,B,crystal,2,32,1,-6.9,5.256,2
QVina,B,crystal,3,32,1,-6.4,5.882,2
QVina,B,crystal,4,32,1,-6.4,5.866,2
QVina,B,crystal,5,32,1,-6.4,6.003,2
QVina,B,crystal,6,32,1,-6.3,6.768,2
QVina,B,crystal,7,32,1,-6.3,4.293,2
QVina,B,crystal,8,32,1,-6.3,5.753,2
QVina,B,crystal,9,32,1,-6.2,6.326,2
QVina,B,crystal,10,32,1,-6.2,4.950,2
QVina,B,crystal,11,32,1,-6.2,4.605,2
QVina,B,crystal,1,32,1,-7.2,6.235,3
QVina,B,crystal,2,32,1,-7.0,5.763,3
QVina,B,crystal,3,32,1,-6.9,4.193,3
QVina,B,crystal,4,32,1,-6.8,1.933,3
QVina,B,crystal,5,32,1,-6.8,5.379,3
QVina,B,crystal,6,32,1,-6.8,5.306,3
QVina,B,crystal,7,32,1,-6.7,5.270,3
QVina,B,crystal,8,32,1,-6.7,5.718,3
QVina,B,crystal,9,32,1,-6.5,4.981,3
QVina,B,crystal,10,32,1,-6.4,5.405,3
QVina,B,crystal,11,32,1,-6.4,5.723,3
QVina,B,crystal,12,32,1,-6.4,5.718,3
QVina,B,crystal,13,32,1,-6.3,5.268,3
QVina,B,crystal,14,32,1,-6.3,5.681,3
QVina,B,crystal,15,32,1,-6.3,4.104,3
QVina,B,crystal,1,32,3,-6.7,4.637,1
QVina,B,crystal,2,32,3,-6.6,4.848,1
QVina,B,crystal,3,32,3,-6.4,5.033,1
QVina,B,crystal,4,32,3,-6.3,6.200,1
QVina,B,crystal,5,32,3,-6.3,5.579,1
QVina,B,crystal,6,32,3,-6.2,5.879,1
QVina,B,crystal,7,32,3,-6.2,5.698,1
QVina,B,crystal,8,32,3,-6.2,5.316,1
QVina,B,crystal,9,32,3,-6.2,4.528,1
QVina,B,crystal,10,32,3,-6.2,6.726,1
QVina,B,crystal,11,32,3,-6.2,6.356,1
QVina,B,crystal,12,32,3,-6.1,5.322,1
QVina,B,crystal,13,32,3,-6.1,5.058,1
QVina,B,crystal,14,32,3,-6.1,4.511,1
QVina,B,crystal,15,32,3,-6.1,4.553,1
QVina,B,crystal,16,32,3,-6.1,4.199,1
QVina,B,crystal,17,32,3,-6.1,5.217,1
QVina,B,crystal,18,32,3,-6.0,4.770,1
QVina,B,crystal,19,32,3,-6.0,5.879,1
QVina,B,crystal,20,32,3,-6.0,5.868,1
QVina,B,crystal,1,32,3,-6.8,5.533,2
QVina,B,crystal,2,32,3,-6.7,6.570,2
QVina,B,crystal,3,32,3,-6.3,5.214,2
QVina,B,crystal,4,32,3,-6.2,4.978,2
QVina,B,crystal,5,32,3,-6.1,4.346,2
QVina,B,crystal,6,32,3,-6.1,4.527,2
QVina,B,crystal,7,32,3,-6.1,4.584,2
QVina,B,crystal,8,32,3,-6.1,5.069,2
QVina,B,crystal,9,32,3,-6.0,4.792,2
QVina,B,crystal,10,32,3,-5.8,4.477,2
QVina,B,crystal,11,32,3,-5.8,6.033,2
QVina,B,crystal,12,32,3,-5.8,4.806,2
QVina,B,crystal,13,32,3,-5.8,5.432,2
QVina,B,crystal,14,32,3,-5.8,5.399,2
QVina,B,crystal,15,32,3,-5.8,4.955,2
QVina,B,crystal,16,32,3,-5.8,6.059,2
QVina,B,crystal,17,32,3,-5.8,5.343,2
QVina,B,crystal,18,32,3,-5.8,5.183,2
QVina,B,crystal,19,32,3,-5.7,4.324,2
QVina,B,crystal,20,32,3,-5.7,4.791,2
QVina,B,crystal,1,32,3,-6.8,6.374,3
QVina,B,crystal,2,32,3,-6.7,6.514,3
QVina,B,crystal,3,32,3,-6.6,5.115,3
QVina,B,crystal,4,32,3,-6.6,5.855,3
QVina,B,crystal,5,32,3,-6.5,6.650,3
QVina,B,crystal,6,32,3,-6.4,5.681,3
QVina,B,crystal,7,32,3,-6.4,4.950,3
QVina,B,crystal,8,32,3,-6.3,5.274,3
QVina,B,crystal,9,32,3,-6.3,5.541,3
QVina,B,crystal,10,32,3,-6.2,5.580,3
QVina,B,crystal,11,32,3,-6.2,6.129,3
QVina,B,crystal,12,32,3,-6.2,4.623,3
QVina,B,crystal,13,32,3,-6.1,4.249,3
QVina,B,crystal,14,32,3,-6.1,6.685,3
QVina,B,crystal,15,32,3,-6.1,3.800,3
QVina,B,crystal,16,32,3,-6.1,5.076,3
QVina,B,crystal,17,32,3,-6.0,5.402,3
QVina,B,crystal,18,32,3,-6.0,5.175,3
QVina,B,crystal,19,32,3,-6.0,5.135,3
QVina,B,crystal,20,32,3,-6.0,4.366,3
QVina,B,crystal,1,8,1,-7.3,6.644,1
QVina,B,crystal,2,8,1,-6.9,4.451,1
QVina,B,crystal,3,8,1,-6.8,6.347,1
QVina,B,crystal,4,8,1,-6.8,5.886,1
QVina,B,crystal,5,8,1,-6.7,5.983,1
QVina,B,crystal,6,8,1,-6.7,4.958,1
QVina,B,crystal,7,8,1,-6.5,4.269,1
QVina,B,crystal,8,8,1,-6.5,4.079,1
QVina,B,crystal,9,8,1,-6.5,4.887,1
QVina,B,crystal,10,8,1,-6.4,5.845,1
QVina,B,crystal,11,8,1,-6.4,5.276,1
QVina,B,crystal,12,8,1,-6.4,4.646,1
QVina,B,crystal,13,8,1,-6.3,4.761,1
QVina,B,crystal,14,8,1,-6.3,4.678,1
QVina,B,crystal,1,8,1,-6.6,4.427,2
QVina,B,crystal,2,8,1,-6.5,5.749,2
QVina,B,crystal,3,8,1,-6.5,5.526,2
QVina,B,crystal,4,8,1,-6.5,4.903,2
QVina,B,crystal,5,8,1,-6.3,4.519,2
QVina,B,crystal,6,8,1,-6.3,5.956,2
QVina,B,crystal,7,8,1,-6.3,5.177,2
QVina,B,crystal,8,8,1,-6.3,5.068,2
QVina,B,crystal,9,8,1,-6.2,6.104,2
QVina,B,crystal,10,8,1,-6.1,3.896,2
QVina,B,crystal,11,8,1,-6.1,5.111,2
QVina,B,crystal,12,8,1,-6.1,5.118,2
QVina,B,crystal,13,8,1,-5.9,5.741,2
QVina,B,crystal,14,8,1,-5.8,5.102,2
QVina,B,crystal,15,8,1,-5.8,6.373,2
QVina,B,crystal,16,8,1,-5.8,5.559,2
QVina,B,crystal,17,8,1,-5.8,5.029,2
QVina,B,crystal,18,8,1,-5.7,5.424,2
QVina,B,crystal,19,8,1,-5.7,4.534,2
QVina,B,crystal,20,8,1,-5.7,5.731,2
QVina,B,crystal,1,8,1,-6.7,5.339,3
QVina,B,crystal,2,8,1,-6.6,4.008,3
QVina,B,crystal,3,8,1,-6.5,5.304,3
QVina,B,crystal,4,8,1,-6.4,4.938,3
QVina,B,crystal,5,8,1,-6.3,4.827,3
QVina,B,crystal,6,8,1,-6.3,4.470,3
QVina,B,crystal,7,8,1,-6.2,4.263,3
QVina,B,crystal,8,8,1,-6.2,4.552,3
QVina,B,crystal,9,8,1,-6.1,4.443,3
QVina,B,crystal,10,8,1,-6.1,6.296,3
QVina,B,crystal,11,8,1,-6.1,4.748,3
QVina,B,crystal,12,8,1,-6.0,4.691,3
QVina,B,crystal,13,8,1,-6.0,5.510,3
QVina,B,crystal,14,8,1,-6.0,4.328,3
QVina,B,crystal,15,8,1,-5.9,6.109,3
QVina,B,crystal,16,8,1,-5.9,4.325,3
QVina,B,crystal,17,8,1,-5.8,6.534,3
QVina,B,crystal,18,8,1,-5.7,5.415,3
QVina,B,crystal,19,8,1,-5.7,4.876,3
QVina,B,crystal,20,8,1,-5.7,6.166,3
QVina,B,crystal,1,8,3,-6.4,3.815,1
QVina,B,crystal,2,8,3,-6.3,4.684,1
QVina,B,crystal,3,8,3,-6.2,4.722,1
QVina,B,crystal,4,8,3,-6.2,4.969,1
QVina,B,crystal,5,8,3,-6.1,4.903,1
QVina,B,crystal,6,8,3,-6.0,4.869,1
QVina,B,crystal,7,8,3,-6.0,5.006,1
QVina,B,crystal,8,8,3,-6.0,5.328,1
QVina,B,crystal,9,8,3,-5.9,4.358,1
QVina,B,crystal,10,8,3,-5.9,5.031,1
QVina,B,crystal,11,8,3,-5.9,4.908,1
QVina,B,crystal,12,8,3,-5.9,4.985,1
QVina,B,crystal,13,8,3,-5.8,5.724,1
QVina,B,crystal,14,8,3,-5.8,5.253,1
QVina,B,crystal,15,8,3,-5.8,6.004,1
QVina,B,crystal,16,8,3,-5.7,5.272,1
QVina,B,crystal,17,8,3,-5.7,6.273,1
QVina,B,crystal,18,8,3,-5.7,5.157,1
QVina,B,crystal,19,8,3,-5.7,5.721,1
QVina,B,crystal,20,8,3,-5.7,5.270,1
QVina,B,crystal,1,8,3,-7.5,5.100,2
QVina,B,crystal,2,8,3,-7.4,4.995,2
QVina,B,crystal,3,8,3,-7.3,6.253,2
QVina,B,crystal,4,8,3,-7.2,6.449,2
QVina,B,crystal,5,8,3,-7.1,6.579,2
QVina,B,crystal,6,8,3,-7.1,4.917,2
QVina,B,crystal,7,8,3,-7.0,5.601,2
QVina,B,crystal,8,8,3,-7.0,5.676,2
QVina,B,crystal,9,8,3,-6.9,4.582,2
QVina,B,crystal,10,8,3,-6.9,4.440,2
QVina,B,crystal,11,8,3,-6.8,4.268,2
QVina,B,crystal,12,8,3,-6.8,6.131,2
QVina,B,crystal,13,8,3,-6.7,3.611,2
QVina,B,crystal,14,8,3,-6.7,4.605,2
QVina,B,crystal,15,8,3,-6.7,5.110,2
QVina,B,crystal,16,8,3,-6.7,4.036,2
QVina,B,crystal,17,8,3,-6.7,5.983,2
QVina,B,crystal,18,8,3,-6.6,6.305,2
QVina,B,crystal,19,8,3,-6.5,6.089,2
QVina,B,crystal,20,8,3,-6.4,6.437,2
QVina,B,crystal,1,8,3,-6.8,4.859,3
QVina,B,crystal,2,8,3,-6.6,5.305,3
QVina,B,crystal,3,8,3,-6.3,6.389,3
QVina,B,crystal,4,8,3,-6.2,5.003,3
QVina,B,crystal,5,8,3,-6.0,4.502,3
QVina,B,crystal,6,8,3,-6.0,4.676,3
QVina,B,crystal,7,8,3,-6.0,5.022,3
QVina,B,crystal,8,8,3,-5.9,4.747,3
QVina,B,crystal,9,8,3,-5.9,4.662,3
QVina,B,crystal,10,8,3,-5.8,6.307,3
QVina,B,crystal,11,8,3,-5.8,4.940,3
QVina,B,crystal,12,8,3,-5.8,4.383,3
QVina,B,crystal,13,8,3,-5.8,5.333,3
QVina,B,crystal,14,8,3,-5.8,4.761,3
QVina,B,crystal,15,8,3,-5.8,6.112,3
QVina,B,crystal,16,8,3,-5.7,4.290,3
QVina,B,crystal,17,8,3,-5.7,5.590,3
QVina,B,crystal,18,8,3,-5.6,5.019,3
QVina,B,crystal,19,8,3,-5.6,5.976,3
QVina,B,crystal,20,8,3,-5.5,4.529,3
QVina,B,random,1,24,1,-6.9,5.135,1
QVina,B,random,2,24,1,-6.8,5.896,1
QVina,B,random,3,24,1,-6.8,5.153,1
QVina,B,random,4,24,1,-6.7,5.040,1
QVina,B,random,5,24,1,-6.6,4.545,1
QVina,B,random,6,24,1,-6.5,5.134,1
QVina,B,random,7,24,1,-6.5,5.711,1
QVina,B,random,8,24,1,-6.5,5.569,1
QVina,B,random,9,24,1,-6.3,6.080,1
QVina,B,random,10,24,1,-6.3,5.715,1
QVina,B,random,11,24,1,-6.3,4.718,1
QVina,B,random,12,24,1,-6.3,5.326,1
QVina,B,random,13,24,1,-6.2,5.346,1
QVina,B,random,14,24,1,-6.2,5.165,1
QVina,B,random,15,24,1,-6.2,5.002,1
QVina,B,random,16,24,1,-6.2,4.720,1
QVina,B,random,17,24,1,-6.2,2.798,1
QVina,B,random,18,24,1,-6.1,4.843,1
QVina,B,random,19,24,1,-6.1,4.803,1
QVina,B,random,20,24,1,-6.1,4.594,1
QVina,B,random,1,24,1,-6.9,6.409,2
QVina,B,random,2,24,1,-6.5,5.135,2
QVina,B,random,3,24,1,-6.4,5.138,2
QVina,B,random,4,24,1,-6.3,4.684,2
QVina,B,random,5,24,1,-6.2,5.220,2
QVina,B,random,6,24,1,-6.2,5.754,2
QVina,B,random,7,24,1,-6.2,4.741,2
QVina,B,random,8,24,1,-6.2,5.610,2
QVina,B,random,9,24,1,-6.1,6.631,2
QVina,B,random,10,24,1,-6.1,5.228,2
QVina,B,random,11,24,1,-6.0,6.008,2
QVina,B,random,12,24,1,-6.0,6.641,2
QVina,B,random,13,24,1,-6.0,6.640,2
QVina,B,random,14,24,1,-6.0,4.236,2
QVina,B,random,15,24,1,-6.0,5.614,2
QVina,B,random,16,24,1,-5.9,4.685,2
QVina,B,random,17,24,1,-5.9,6.287,2
QVina,B,random,18,24,1,-5.9,5.292,2
QVina,B,random,1,24,1,-7.5,5.192,3
QVina,B,random,2,24,1,-7.4,5.709,3
QVina,B,random,3,24,1,-7.4,6.704,3
QVina,B,random,4,24,1,-7.2,3.672,3
QVina,B,random,5,24,1,-7.2,6.459,3
QVina,B,random,6,24,1,-7.2,3.912,3
QVina,B,random,7,24,1,-7.2,5.998,3
QVina,B,random,8,24,1,-7.2,5.645,3
QVina,B,random,9,24,1,-7.1,4.856,3
QVina,B,random,10,24,1,-7.1,4.585,3
QVina,B,random,11,24,1,-7.1,4.647,3
QVina,B,random,12,24,1,-7.0,4.902,3
QVina,B,random,13,24,1,-7.0,6.668,3
QVina,B,random,14,24,1,-7.0,4.568,3
QVina,B,random,15,24,1,-6.9,5.331,3
QVina,B,random,16,24,1,-6.9,5.583,3
QVina,B,random,17,24,1,-6.8,5.505,3
QVina,B,random,18,24,1,-6.8,5.624,3
QVina,B,random,19,24,1,-6.8,4.831,3
QVina,B,random,20,24,1,-6.8,5.304,3
QVina,B,random,1,24,3,-7.1,5.247,1
QVina,B,random,2,24,3,-6.9,4.665,1
QVina,B,random,3,24,3,-6.8,4.524,1
QVina,B,random,4,24,3,-6.8,4.665,1
QVina,B,random,5,24,3,-6.8,5.576,1
QVina,B,random,6,24,3,-6.7,3.320,1
QVina,B,random,7,24,3,-6.6,5.434,1
QVina,B,random,8,24,3,-6.6,4.545,1
QVina,B,random,9,24,3,-6.5,5.217,1
QVina,B,random,10,24,3,-6.5,5.652,1
QVina,B,random,11,24,3,-6.5,5.307,1
QVina,B,random,12,24,3,-6.5,5.830,1
QVina,B,random,13,24,3,-6.5,5.076,1
QVina,B,random,14,24,3,-6.4,6.202,1
QVina,B,random,15,24,3,-6.4,5.733,1
QVina,B,random,16,24,3,-6.3,4.582,1
QVina,B,random,17,24,3,-6.3,5.896,1
QVina,B,random,18,24,3,-6.3,5.029,1
QVina,B,random,19,24,3,-6.3,5.119,1
QVina,B,random,20,24,3,-6.3,5.215,1
QVina,B,random,1,24,3,-7.3,5.370,2
QVina,B,random,2,24,3,-7.1,5.396,2
QVina,B,random,3,24,3,-7.0,4.850,2
QVina,B,random,4,24,3,-7.0,5.856,2
QVina,B,random,5,24,3,-7.0,5.902,2
QVina,B,random,6,24,3,-6.9,5.416,2
QVina,B,random,7,24,3,-6.9,4.895,2
QVina,B,random,8,24,3,-6.8,5.036,2
QVina,B,random,9,24,3,-6.6,4.624,2
QVina,B,random,10,24,3,-6.6,4.650,2
QVina,B,random,11,24,3,-6.6,6.071,2
QVina,B,random,12,24,3,-6.6,4.259,2
QVina,B,random,13,24,3,-6.6,4.595,2
QVina,B,random,14,24,3,-6.5,5.421,2
QVina,B,random,15,24,3,-6.5,4.662,2
QVina,B,random,16,24,3,-6.5,5.158,2
QVina,B,random,17,24,3,-6.5,5.038,2
QVina,B,random,18,24,3,-6.5,5.018,2
QVina,B,random,19,24,3,-6.5,4.574,2
QVina,B,random,20,24,3,-6.4,5.654,2
QVina,B,random,1,24,3,-7.2,4.706,3
QVina,B,random,2,24,3,-7.2,5.994,3
QVina,B,random,3,24,3,-7.1,3.910,3
QVina,B,random,4,24,3,-7.1,5.651,3
QVina,B,random,5,24,3,-7.0,5.617,3
QVina,B,random,6,24,3,-7.0,4.859,3
QVina,B,random,7,24,3,-6.9,4.648,3
QVina,B,random,8,24,3,-6.9,5.981,3
QVina,B,random,9,24,3,-6.8,4.196,3
QVina,B,random,10,24,3,-6.8,4.644,3
QVina,B,random,11,24,3,-6.8,5.968,3
QVina,B,random,12,24,3,-6.7,4.355,3
QVina,B,random,13,24,3,-6.7,5.439,3
QVina,B,random,14,24,3,-6.7,5.019,3
QVina,B,random,15,24,3,-6.7,3.900,3
QVina,B,random,16,24,3,-6.7,3.298,3
QVina,B,random,17,24,3,-6.6,5.166,3
QVina,B,random,18,24,3,-6.6,4.789,3
QVina,B,random,19,24,3,-6.6,4.982,3
QVina,B,random,20,24,3,-6.6,5.028,3
QVina,B,random,1,32,1,-6.9,5.174,1
QVina,B,random,2,32,1,-6.7,6.413,1
QVina,B,random,3,32,1,-6.6,6.454,1
QVina,B,random,4,32,1,-6.6,5.623,1
QVina,B,random,5,32,1,-6.6,4.810,1
QVina,B,random,6,32,1,-6.6,5.322,1
QVina,B,random,7,32,1,-6.5,5.816,1
QVina,B,random,8,32,1,-6.5,5.566,1
QVina,B,random,9,32,1,-6.4,5.960,1
QVina,B,random,10,32,1,-6.3,4.346,1
QVina,B,random,11,32,1,-6.3,6.414,1
QVina,B,random,12,32,1,-6.3,4.388,1
QVina,B,random,13,32,1,-6.3,5.343,1
QVina,B,random,14,32,1,-6.2,4.873,1
QVina,B,random,15,32,1,-6.2,5.334,1
QVina,B,random,16,32,1,-6.2,4.638,1
QVina,B,random,17,32,1,-6.2,3.824,1
QVina,B,random,18,32,1,-6.2,5.446,1
QVina,B,random,19,32,1,-6.2,6.338,1
QVina,B,random,20,32,1,-6.1,4.966,1
QVina,B,random,1,32,1,-7.4,4.747,2
QVina,B,random,2,32,1,-7.3,6.392,2
QVina,B,random,3,32,1,-7.3,5.964,2
QVina,B,random,4,32,1,-7.2,5.722,2
QVina,B,random,5,32,1,-7.2,5.730,2
QVina,B,random,6,32,1,-7.1,4.749,2
QVina,B,random,7,32,1,-7.1,4.662,2
QVina,B,random,8,32,1,-7.0,5.603,2
QVina,B,random,9,32,1,-6.9,5.345,2
QVina,B,random,10,32,1,-6.9,5.214,2
QVina,B,random,11,32,1,-6.9,4.600,2
QVina,B,random,12,32,1,-6.9,5.784,2
QVina,B,random,13,32,1,-6.9,4.347,2
QVina,B,random,14,32,1,-6.9,5.145,2
QVina,B,random,15,32,1,-6.9,5.032,2
QVina,B,random,16,32,1,-6.9,3.808,2
QVina,B,random,17,32,1,-6.8,5.266,2
QVina,B,random,18,32,1,-6.8,5.613,2
QVina,B,random,19,32,1,-6.8,4.751,2
QVina,B,random,20,32,1,-6.8,4.686,2
QVina,B,random,1,32,1,-6.5,6.244,3
QVina,B,random,2,32,1,-6.5,4.826,3
QVina,B,random,3,32,1,-6.3,5.113,3
QVina,B,random,4,32,1,-6.3,4.579,3
QVina,B,random,5,32,1,-6.3,4.792,3
QVina,B,random,6,32,1,-6.2,6.731,3
QVina,B,random,7,32,1,-6.2,4.747,3
QVina,B,random,8,32,1,-6.1,3.798,3
QVina,B,random,9,32,1,-6.1,4.858,3
QVina,B,random,10,32,1,-6.1,5.082,3
QVina,B,random,11,32,1,-6.0,5.392,3
QVina,B,random,12,32,1,-5.9,4.806,3
QVina,B,random,13,32,1,-5.9,5.618,3
QVina,B,random,14,32,1,-5.9,5.149,3
QVina,B,random,15,32,1,-5.9,5.801,3
QVina,B,random,16,32,1,-5.9,5.277,3
QVina,B,random,17,32,1,-5.9,5.010,3
QVina,B,random,18,32,1,-5.9,5.382,3
QVina,B,random,19,32,1,-5.9,4.457,3
QVina,B,random,20,32,1,-5.9,4.716,3
QVina,B,random,1,32,3,-7.1,6.349,1
QVina,B,random,2,32,3,-7.0,5.241,1
QVina,B,random,3,32,3,-7.0,4.873,1
QVina,B,random,4,32,3,-6.8,4.608,1
QVina,B,random,5,32,3,-6.8,5.145,1
QVina,B,random,6,32,3,-6.7,5.802,1
QVina,B,random,7,32,3,-6.6,5.580,1
QVina,B,random,8,32,3,-6.6,3.444,1
QVina,B,random,9,32,3,-6.5,6.300,1
QVina,B,random,10,32,3,-6.5,5.623,1
QVina,B,random,11,32,3,-6.5,4.908,1
QVina,B,random,12,32,3,-6.5,4.514,1
QVina,B,random,13,32,3,-6.5,5.392,1
QVina,B,random,14,32,3,-6.4,4.626,1
QVina,B,random,15,32,3,-6.4,5.411,1
QVina,B,random,16,32,3,-6.3,6.345,1
QVina,B,random,17,32,3,-6.3,4.051,1
QVina,B,random,18,32,3,-6.3,4.775,1
QVina,B,random,19,32,3,-6.3,5.329,1
QVina,B,random,20,32,3,-6.3,6.755,1
QVina,B,random,1,32,3,-7.4,4.893,2
QVina,B,random,2,32,3,-7.2,2.193,2
QVina,B,random,3,32,3,-7.2,4.661,2
QVina,B,random,4,32,3,-7.2,4.698,2
QVina,B,random,5,32,3,-7.1,2.722,2
QVina,B,random,6,32,3,-7.0,4.994,2
QVina,B,random,7,32,3,-7.0,5.287,2
QVina,B,random,8,32,3,-7.0,5.373,2
QVina,B,random,9,32,3,-6.8,4.468,2
QVina,B,random,10,32,3,-6.8,5.628,2
QVina,B,random,11,32,3,-6.7,4.999,2
QVina,B,random,12,32,3,-6.7,4.979,2
QVina,B,random,13,32,3,-6.7,5.252,2
QVina,B,random,14,32,3,-6.7,4.619,2
QVina,B,random,15,32,3,-6.7,5.259,2
QVina,B,random,16,32,3,-6.7,5.916,2
QVina,B,random,17,32,3,-6.6,5.564,2
QVina,B,random,18,32,3,-6.6,4.994,2
QVina,B,random,19,32,3,-6.6,6.265,2
QVina,B,random,20,32,3,-6.6,4.854,2
QVina,B,random,1,32,3,-7.4,6.022,3
QVina,B,random,2,32,3,-7.4,4.976,3
QVina,B,random,3,32,3,-7.3,3.820,3
QVina,B,random,4,32,3,-7.3,4.450,3
QVina,B,random,5,32,3,-7.2,6.212,3
QVina,B,random,6,32,3,-7.1,4.866,3
QVina,B,random,7,32,3,-7.1,5.211,3
QVina,B,random,8,32,3,-7.0,5.234,3
QVina,B,random,9,32,3,-6.9,4.678,3
QVina,B,random,10,32,3,-6.9,4.890,3
QVina,B,random,11,32,3,-6.9,5.896,3
QVina,B,random,12,32,3,-6.8,4.966,3
QVina,B,random,13,32,3,-6.8,5.798,3
QVina,B,random,14,32,3,-6.8,4.540,3
QVina,B,random,15,32,3,-6.7,5.807,3
QVina,B,random,16,32,3,-6.7,6.179,3
QVina,B,random,17,32,3,-6.7,4.525,3
QVina,B,random,18,32,3,-6.7,5.726,3
QVina,B,random,19,32,3,-6.6,4.607,3
QVina,B,random,20,32,3,-6.6,4.984,3
QVina,B,random,1,8,1,-6.6,5.682,1
QVina,B,random,2,8,1,-6.5,5.555,1
QVina,B,random,3,8,1,-6.5,4.851,1
QVina,B,random,4,8,1,-6.3,5.571,1
QVina,B,random,5,8,1,-6.3,5.870,1
QVina,B,random,6,8,1,-6.3,4.828,1
QVina,B,random,7,8,1,-6.3,5.747,1
QVina,B,random,8,8,1,-6.2,2.974,1
QVina,B,random,9,8,1,-6.1,5.493,1
QVina,B,random,10,8,1,-6.1,4.021,1
QVina,B,random,11,8,1,-6.0,5.196,1
QVina,B,random,12,8,1,-5.9,5.641,1
QVina,B,random,13,8,1,-5.9,5.808,1
QVina,B,random,14,8,1,-5.8,5.355,1
QVina,B,random,15,8,1,-5.8,4.035,1
QVina,B,random,16,8,1,-5.8,4.378,1
QVina,B,random,17,8,1,-5.8,4.216,1
QVina,B,random,18,8,1,-5.8,5.960,1
QVina,B,random,19,8,1,-5.7,6.401,1
QVina,B,random,20,8,1,-5.7,5.860,1
QVina,B,random,1,8,1,-7.0,4.844,2
QVina,B,random,2,8,1,-6.9,4.903,2
QVina,B,random,3,8,1,-6.7,4.959,2
QVina,B,random,4,8,1,-6.7,5.782,2
QVina,B,random,5,8,1,-6.7,6.402,2
QVina,B,random,6,8,1,-6.6,5.152,2
QVina,B,random,7,8,1,-6.5,5.678,2
QVina,B,random,8,8,1,-6.5,4.505,2
QVina,B,random,9,8,1,-6.5,5.450,2
QVina,B,random,10,8,1,-6.3,4.797,2
QVina,B,random,11,8,1,-6.3,4.183,2
QVina,B,random,12,8,1,-6.2,3.330,2
QVina,B,random,13,8,1,-6.2,5.723,2
QVina,B,random,14,8,1,-6.2,3.804,2
QVina,B,random,1,8,1,-6.8,4.763,3
QVina,B,random,2,8,1,-6.7,5.345,3
QVina,B,random,3,8,1,-6.7,5.849,3
QVina,B,random,4,8,1,-6.7,4.533,3
QVina,B,random,5,8,1,-6.6,4.514,3
QVina,B,random,6,8,1,-6.5,4.210,3
QVina,B,random,7,8,1,-6.5,4.624,3
QVina,B,random,8,8,1,-6.4,4.324,3
QVina,B,random,9,8,1,-6.3,3.691,3
QVina,B,random,10,8,1,-6.3,4.741,3
QVina,B,random,11,8,1,-6.3,4.604,3
QVina,B,random,12,8,1,-6.3,5.924,3
QVina,B,random,13,8,1,-6.2,5.479,3
QVina,B,random,14,8,1,-6.2,4.797,3
QVina,B,random,15,8,1,-6.1,5.776,3
QVina,B,random,16,8,1,-6.1,6.216,3
QVina,B,random,17,8,1,-6.0,4.859,3
QVina,B,random,18,8,1,-6.0,6.249,3
QVina,B,random,19,8,1,-6.0,4.982,3
QVina,B,random,20,8,1,-5.9,4.687,3
QVina,B,random,1,8,3,-6.8,4.385,1
QVina,B,random,2,8,3,-6.8,5.495,1
QVina,B,random,3,8,3,-6.7,4.936,1
QVina,B,random,4,8,3,-6.7,4.782,1
QVina,B,random,5,8,3,-6.6,6.329,1
QVina,B,random,6,8,3,-6.6,4.447,1
QVina,B,random,7,8,3,-6.5,5.980,1
QVina,B,random,8,8,3,-6.5,6.043,1
QVina,B,random,9,8,3,-6.4,5.530,1
QVina,B,random,10,8,3,-6.3,5.605,1
QVina,B,random,11,8,3,-6.2,5.111,1
QVina,B,random,12,8,3,-6.2,4.898,1
QVina,B,random,13,8,3,-6.2,4.966,1
QVina,B,random,14,8,3,-6.2,4.379,1
QVina,B,random,15,8,3,-6.1,5.342,1
QVina,B,random,16,8,3,-6.1,5.599,1
QVina,B,random,17,8,3,-6.0,5.961,1
QVina,B,random,18,8,3,-6.0,4.357,1
QVina,B,random,19,8,3,-5.9,5.020,1
QVina,B,random,20,8,3,-5.9,6.261,1
QVina,B,random,1,8,3,-7.0,4.422,2
QVina,B,random,2,8,3,-7.0,6.461,2
QVina,B,random,3,8,3,-7.0,4.963,2
QVina,B,random,4,8,3,-6.9,4.693,2
QVina,B,random,5,8,3,-6.9,4.785,2
QVina,B,random,6,8,3,-6.8,4.711,2
QVina,B,random,7,8,3,-6.7,4.998,2
QVina,B,random,8,8,3,-6.7,5.797,2
QVina,B,random,9,8,3,-6.6,4.720,2
QVina,B,random,10,8,3,-6.5,4.506,2
QVina,B,random,11,8,3,-6.5,5.074,2
QVina,B,random,12,8,3,-6.5,4.687,2
QVina,B,random,13,8,3,-6.4,5.783,2
QVina,B,random,14,8,3,-6.4,5.518,2
QVina,B,random,15,8,3,-6.4,5.158,2
QVina,B,random,16,8,3,-6.4,5.558,2
QVina,B,random,17,8,3,-6.3,4.944,2
QVina,B,random,18,8,3,-6.3,4.801,2
QVina,B,random,19,8,3,-6.3,5.108,2
QVina,B,random,20,8,3,-6.2,5.255,2
QVina,B,random,1,8,3,-7.1,4.551,3
QVina,B,random,2,8,3,-7.0,6.097,3
QVina,B,random,3,8,3,-7.0,4.733,3
QVina,B,random,4,8,3,-6.9,4.599,3
QVina,B,random,5,8,3,-6.9,3.868,3
QVina,B,random,6,8,3,-6.9,6.373,3
QVina,B,random,7,8,3,-6.8,5.506,3
QVina,B,random,8,8,3,-6.8,3.440,3
QVina,B,random,9,8,3,-6.7,5.422,3
QVina,B,random,10,8,3,-6.6,3.460,3
QVina,B,random,11,8,3,-6.6,5.429,3
QVina,B,random,12,8,3,-6.6,4.007,3
QVina,B,random,13,8,3,-6.5,5.734,3
QVina,B,random,14,8,3,-6.5,5.059,3
QVina,B,random,15,8,3,-6.5,5.188,3
QVina,B,random,16,8,3,-6.4,6.242,3
QVina,B,random,17,8,3,-6.4,4.522,3
QVina,B,random,18,8,3,-6.3,4.790,3
QVina,B,random,19,8,3,-6.3,4.984,3
QVina,B,random,20,8,3,-6.3,5.771,3
